Geo,Year,TotEmp,RetEmp,SvcEmp
1,2005,1162.0,236.0,680.0
2,2005,1006.0,66.0,409.0
3,2005,902.0,92.0,370.0
4,2005,1423.0,170.0,999.0
5,2005,315.0,29.0,184.0
6,2005,204.0,13.0,121.0
7,2005,115.0,0.0,104.0
8,2005,394.0,122.0,230.0
9,2005,934.0,477.0,286.0
10,2005,477.0,80.0,253.0
11,2005,125.0,3.0,100.0
12,2005,314.0,105.0,141.0
13,2005,250.0,33.0,184.0
14,2005,341.0,83.0,208.0
15,2005,800.0,83.0,630.0
16,2005,1520.0,173.0,921.0
17,2005,4632.0,197.0,1855.0
18,2005,3178.0,341.0,1178.0
19,2005,2048.0,95.0,826.0
20,2005,1107.0,58.0,830.0
21,2005,1074.0,175.0,567.0
22,2005,374.0,142.0,200.0
23,2005,817.0,375.0,382.0
24,2005,306.0,9.0,240.0
25,2005,0.0,0.0,0.0
26,2005,781.0,81.0,625.0
27,2005,984.0,255.0,554.0
28,2005,881.0,161.0,477.0
29,2005,792.0,124.0,623.0
30,2005,2702.0,3.0,2678.0
31,2005,293.0,64.0,221.0
32,2005,334.0,40.0,219.0
33,2005,3992.0,594.0,2261.0
34,2005,2841.0,393.0,1246.0
35,2005,3075.0,12.0,2928.0
36,2005,8123.0,259.0,4179.0
37,2005,482.0,32.0,255.0
38,2005,3837.0,1259.0,2048.0
39,2005,218.0,2.0,190.0
40,2005,1081.0,432.0,542.0
41,2005,653.0,56.0,472.0
42,2005,698.0,58.0,519.0
43,2005,3855.0,100.0,3532.0
44,2005,392.0,66.0,268.0
45,2005,701.0,24.0,432.0
46,2005,0.0,0.0,0.0
47,2005,530.0,175.0,309.0
48,2005,668.0,61.0,498.0
49,2005,125.0,1.0,92.0
50,2005,97.0,6.0,35.0
51,2005,107.0,0.0,98.0
52,2005,1236.0,169.0,893.0
53,2005,356.0,107.0,241.0
54,2005,154.0,2.0,71.0
55,2005,283.0,2.0,196.0
56,2005,102.0,11.0,69.0
57,2005,699.0,27.0,600.0
58,2005,401.0,110.0,102.0
59,2005,793.0,202.0,520.0
60,2005,9.0,2.0,2.0
61,2005,513.0,11.0,135.0
62,2005,666.0,9.0,562.0
63,2005,1338.0,265.0,688.0
64,2005,174.0,5.0,154.0
65,2005,272.0,26.0,153.0
66,2005,911.0,64.0,329.0
67,2005,81.0,17.0,50.0
68,2005,65.0,0.0,47.0
69,2005,913.0,40.0,861.0
70,2005,2151.0,39.0,314.0
71,2005,1425.0,227.0,879.0
72,2005,0.0,0.0,0.0
73,2005,8849.0,237.0,1525.0
74,2005,1871.0,83.0,197.0
75,2005,1179.0,247.0,702.0
76,2005,2092.0,44.0,1974.0
77,2005,3492.0,573.0,2720.0
78,2005,0.0,0.0,0.0
79,2005,3789.0,167.0,1947.0
80,2005,3061.0,360.0,1955.0
81,2005,5503.0,482.0,2703.0
82,2005,2806.0,90.0,2143.0
83,2005,0.0,0.0,0.0
84,2005,5947.0,145.0,4553.0
85,2005,8238.0,131.0,4835.0
86,2005,6617.0,4.0,6586.0
87,2005,3049.0,150.0,2128.0
88,2005,813.0,8.0,656.0
89,2005,539.0,199.0,299.0
90,2005,61.0,0.0,50.0
91,2005,285.0,63.0,200.0
92,2005,707.0,7.0,670.0
93,2005,193.0,7.0,128.0
94,2005,899.0,30.0,779.0
95,2005,1296.0,1.0,1223.0
96,2005,314.0,2.0,257.0
97,2005,1338.0,101.0,916.0
98,2005,98.0,7.0,59.0
99,2005,779.0,104.0,532.0
100,2005,629.0,71.0,377.0
101,2005,828.0,25.0,753.0
102,2005,12.0,0.0,9.0
103,2005,107.0,9.0,81.0
104,2005,1117.0,19.0,890.0
105,2005,356.0,6.0,185.0
106,2005,445.0,10.0,129.0
107,2005,1704.0,732.0,691.0
108,2005,7590.0,576.0,1182.0
109,2005,18335.0,1437.0,5019.0
110,2005,210.0,25.0,73.0
111,2005,376.0,66.0,231.0
112,2005,426.0,42.0,199.0
113,2005,379.0,7.0,229.0
114,2005,104.0,17.0,81.0
115,2005,848.0,136.0,670.0
116,2005,72.0,2.0,54.0
117,2005,236.0,74.0,141.0
118,2005,3792.0,854.0,2391.0
119,2005,3309.0,366.0,2575.0
120,2005,917.0,117.0,719.0
121,2005,1711.0,397.0,1185.0
122,2005,710.0,69.0,232.0
123,2005,626.0,233.0,280.0
124,2005,340.0,66.0,174.0
125,2005,58.0,7.0,40.0
126,2005,0.0,0.0,0.0
127,2005,542.0,1.0,58.0
128,2005,588.0,44.0,366.0
129,2005,283.0,22.0,162.0
130,2005,574.0,48.0,427.0
131,2005,520.0,199.0,213.0
132,2005,484.0,97.0,278.0
133,2005,1613.0,360.0,1025.0
134,2005,17.0,0.0,16.0
135,2005,218.0,45.0,132.0
136,2005,704.0,254.0,389.0
137,2005,335.0,1.0,299.0
138,2005,180.0,13.0,84.0
139,2005,264.0,67.0,139.0
140,2005,840.0,13.0,291.0
141,2005,1129.0,38.0,414.0
142,2005,1816.0,74.0,767.0
143,2005,219.0,32.0,166.0
144,2005,422.0,53.0,332.0
145,2005,329.0,58.0,176.0
146,2005,616.0,100.0,361.0
147,2005,1214.0,293.0,844.0
148,2005,310.0,39.0,247.0
149,2005,108.0,4.0,58.0
150,2005,73.0,0.0,65.0
151,2005,22.0,0.0,14.0
152,2005,413.0,25.0,248.0
153,2005,317.0,48.0,166.0
154,2005,3330.0,538.0,2078.0
155,2005,558.0,24.0,203.0
156,2005,1783.0,191.0,1025.0
157,2005,4723.0,305.0,442.0
158,2005,1497.0,312.0,620.0
159,2005,691.0,319.0,150.0
160,2005,417.0,244.0,100.0
161,2005,129.0,3.0,86.0
162,2005,751.0,21.0,283.0
163,2005,1226.0,354.0,631.0
164,2005,1353.0,72.0,1229.0
165,2005,655.0,170.0,312.0
166,2005,341.0,58.0,210.0
167,2005,896.0,120.0,751.0
168,2005,648.0,410.0,171.0
169,2005,664.0,28.0,349.0
170,2005,29976.0,2085.0,17112.0
171,2005,7672.0,81.0,782.0
172,2005,983.0,149.0,447.0
173,2005,3771.0,393.0,2283.0
174,2005,2890.0,123.0,1287.0
175,2005,202.0,0.0,154.0
176,2005,1261.0,14.0,836.0
177,2005,1434.0,99.0,515.0
178,2005,63.0,2.0,37.0
179,2005,351.0,12.0,301.0
180,2005,795.0,112.0,486.0
181,2005,490.0,55.0,395.0
182,2005,890.0,43.0,448.0
183,2005,157.0,6.0,131.0
184,2005,635.0,16.0,282.0
185,2005,397.0,45.0,254.0
186,2005,2833.0,283.0,1401.0
187,2005,471.0,12.0,434.0
188,2005,317.0,4.0,232.0
189,2005,913.0,50.0,790.0
190,2005,704.0,101.0,540.0
191,2005,799.0,300.0,334.0
192,2005,99.0,15.0,55.0
193,2005,5301.0,238.0,2319.0
194,2005,1657.0,373.0,383.0
195,2005,906.0,284.0,491.0
196,2005,1670.0,637.0,569.0
197,2005,368.0,64.0,239.0
198,2005,848.0,190.0,471.0
199,2005,200.0,81.0,57.0
200,2005,976.0,152.0,569.0
201,2005,520.0,22.0,409.0
202,2005,410.0,34.0,278.0
203,2005,2644.0,133.0,497.0
204,2005,4930.0,812.0,3162.0
205,2005,7008.0,392.0,1062.0
206,2005,3105.0,1897.0,1023.0
207,2005,1091.0,17.0,899.0
208,2005,506.0,12.0,293.0
209,2005,160.0,4.0,110.0
210,2005,198.0,2.0,97.0
211,2005,1214.0,303.0,423.0
212,2005,235.0,2.0,110.0
213,2005,1843.0,151.0,1332.0
214,2005,924.0,84.0,567.0
215,2005,264.0,3.0,158.0
216,2005,2111.0,384.0,1326.0
217,2005,2461.0,204.0,575.0
218,2005,116.0,16.0,50.0
219,2005,1479.0,50.0,1152.0
220,2005,2592.0,102.0,280.0
221,2005,2158.0,48.0,501.0
222,2005,1683.0,359.0,1061.0
223,2005,1836.0,138.0,609.0
224,2005,552.0,140.0,117.0
225,2005,0.0,0.0,0.0
226,2005,480.0,76.0,154.0
227,2005,622.0,43.0,361.0
228,2005,674.0,56.0,329.0
229,2005,355.0,11.0,156.0
230,2005,161.0,11.0,78.0
231,2005,379.0,14.0,214.0
232,2005,681.0,84.0,172.0
233,2005,399.0,36.0,170.0
234,2005,934.0,43.0,280.0
235,2005,1063.0,14.0,219.0
236,2005,802.0,167.0,289.0
237,2005,1014.0,192.0,622.0
238,2005,394.0,11.0,85.0
239,2005,140.0,12.0,38.0
240,2005,365.0,14.0,128.0
241,2005,1257.0,50.0,206.0
242,2005,805.0,66.0,186.0
243,2005,934.0,128.0,463.0
244,2005,164.0,0.0,91.0
245,2005,309.0,24.0,123.0
246,2005,810.0,105.0,432.0
247,2005,257.0,61.0,131.0
248,2005,0.0,0.0,0.0
249,2005,697.0,48.0,540.0
250,2005,2983.0,17.0,960.0
251,2005,25.0,1.0,2.0
252,2005,5189.0,128.0,4723.0
253,2005,665.0,20.0,575.0
254,2005,2060.0,337.0,1513.0
255,2005,487.0,157.0,262.0
256,2005,6206.0,726.0,2661.0
257,2005,341.0,23.0,223.0
258,2005,653.0,148.0,373.0
259,2005,247.0,58.0,147.0
260,2005,1831.0,268.0,1003.0
261,2005,8523.0,862.0,3329.0
262,2005,1646.0,99.0,1020.0
263,2005,350.0,101.0,206.0
264,2005,231.0,118.0,95.0
265,2005,4080.0,542.0,1489.0
266,2005,6291.0,2496.0,2553.0
267,2005,880.0,137.0,661.0
268,2005,384.0,38.0,322.0
269,2005,2174.0,82.0,1122.0
270,2005,3010.0,288.0,1681.0
271,2005,588.0,32.0,358.0
272,2005,618.0,54.0,409.0
273,2005,3867.0,1345.0,2025.0
274,2005,7384.0,1173.0,2409.0
275,2005,467.0,11.0,135.0
276,2005,2925.0,113.0,316.0
277,2005,191.0,18.0,140.0
278,2005,68.0,0.0,55.0
279,2005,2762.0,562.0,1247.0
280,2005,293.0,40.0,200.0
281,2005,418.0,3.0,366.0
282,2005,105.0,7.0,95.0
283,2005,230.0,0.0,205.0
284,2005,822.0,8.0,720.0
285,2005,289.0,52.0,207.0
286,2005,379.0,91.0,255.0
287,2005,3291.0,151.0,1132.0
288,2005,1100.0,546.0,463.0
289,2005,5599.0,314.0,3339.0
290,2005,253.0,6.0,149.0
291,2005,2245.0,281.0,983.0
292,2005,105.0,1.0,72.0
293,2005,415.0,53.0,242.0
294,2005,492.0,169.0,268.0
295,2005,3564.0,283.0,1549.0
296,2005,1395.0,30.0,435.0
297,2005,215.0,77.0,82.0
298,2005,394.0,41.0,329.0
299,2005,499.0,121.0,348.0
300,2005,309.0,16.0,169.0
301,2005,240.0,6.0,175.0
302,2005,207.0,2.0,190.0
303,2005,64.0,1.0,55.0
304,2005,14.0,0.0,12.0
305,2005,705.0,88.0,534.0
306,2005,26.0,0.0,8.0
307,2005,240.0,1.0,172.0
308,2005,295.0,81.0,193.0
309,2005,363.0,66.0,246.0
310,2005,367.0,25.0,122.0
311,2005,66.0,1.0,33.0
312,2005,283.0,36.0,155.0
313,2005,422.0,44.0,346.0
314,2005,482.0,22.0,203.0
315,2005,3515.0,166.0,618.0
316,2005,5672.0,552.0,1774.0
317,2005,0.0,0.0,0.0
318,2005,1977.0,360.0,1071.0
319,2005,2525.0,301.0,1016.0
320,2005,75.0,0.0,29.0
321,2005,1563.0,79.0,192.0
322,2005,270.0,5.0,213.0
323,2005,67.0,7.0,9.0
324,2005,2620.0,197.0,905.0
325,2005,691.0,141.0,215.0
326,2005,1346.0,51.0,638.0
327,2005,136.0,3.0,80.0
328,2005,997.0,297.0,600.0
329,2005,255.0,55.0,151.0
330,2005,2635.0,2.0,1098.0
331,2005,443.0,92.0,270.0
332,2005,1076.0,357.0,620.0
333,2005,3784.0,405.0,2169.0
334,2005,347.0,104.0,63.0
335,2005,496.0,215.0,218.0
336,2005,418.0,2.0,340.0
337,2005,2367.0,82.0,815.0
338,2005,828.0,117.0,567.0
339,2005,6064.0,422.0,1059.0
340,2005,2434.0,7.0,780.0
341,2005,2915.0,2.0,70.0
342,2005,122.0,6.0,29.0
343,2005,1766.0,51.0,303.0
344,2005,583.0,5.0,48.0
345,2005,1094.0,211.0,482.0
346,2005,379.0,1.0,179.0
347,2005,810.0,16.0,242.0
348,2005,639.0,30.0,308.0
349,2005,1389.0,73.0,470.0
350,2005,1796.0,183.0,1070.0
351,2005,311.0,12.0,217.0
352,2005,371.0,2.0,168.0
353,2005,172.0,0.0,64.0
354,2005,435.0,43.0,196.0
355,2005,768.0,5.0,47.0
356,2005,335.0,24.0,147.0
357,2005,162.0,13.0,24.0
358,2005,596.0,32.0,404.0
359,2005,311.0,9.0,213.0
360,2005,366.0,4.0,189.0
361,2005,109.0,9.0,54.0
362,2005,979.0,11.0,243.0
363,2005,294.0,69.0,47.0
364,2005,705.0,73.0,208.0
365,2005,186.0,4.0,47.0
366,2005,480.0,0.0,403.0
367,2005,779.0,58.0,516.0
368,2005,400.0,96.0,208.0
369,2005,280.0,22.0,172.0
370,2005,590.0,245.0,181.0
371,2005,554.0,97.0,297.0
372,2005,86.0,4.0,35.0
373,2005,246.0,6.0,22.0
374,2005,407.0,9.0,261.0
375,2005,1128.0,33.0,312.0
376,2005,224.0,54.0,90.0
377,2005,332.0,63.0,154.0
378,2005,46.0,4.0,16.0
379,2005,80.0,1.0,28.0
380,2005,104.0,0.0,22.0
381,2005,246.0,0.0,73.0
382,2005,131.0,19.0,46.0
383,2005,868.0,4.0,165.0
384,2005,95.0,1.0,54.0
385,2005,246.0,9.0,165.0
386,2005,965.0,239.0,422.0
387,2005,720.0,257.0,335.0
388,2005,203.0,49.0,54.0
389,2005,1361.0,0.0,1240.0
390,2005,403.0,12.0,108.0
391,2005,862.0,53.0,265.0
392,2005,29.0,4.0,6.0
393,2005,210.0,34.0,87.0
394,2005,242.0,35.0,126.0
395,2005,138.0,2.0,54.0
396,2005,940.0,258.0,125.0
397,2005,241.0,11.0,131.0
398,2005,428.0,41.0,123.0
399,2005,524.0,115.0,278.0
400,2005,135.0,14.0,55.0
401,2005,77.0,6.0,39.0
402,2005,146.0,4.0,73.0
403,2005,952.0,193.0,572.0
404,2005,661.0,25.0,210.0
405,2005,104.0,4.0,82.0
406,2005,1836.0,32.0,111.0
407,2005,432.0,22.0,298.0
408,2005,334.0,4.0,228.0
409,2005,1302.0,512.0,549.0
410,2005,1164.0,308.0,603.0
411,2005,318.0,16.0,212.0
412,2005,131.0,19.0,79.0
413,2005,1468.0,122.0,327.0
414,2005,566.0,246.0,274.0
415,2005,4950.0,1637.0,2831.0
416,2005,195.0,17.0,113.0
417,2005,564.0,94.0,361.0
418,2005,171.0,11.0,125.0
419,2005,177.0,44.0,105.0
420,2005,905.0,120.0,435.0
421,2005,2775.0,88.0,2657.0
422,2005,567.0,396.0,120.0
423,2005,128.0,2.0,99.0
424,2005,257.0,42.0,179.0
425,2005,880.0,92.0,286.0
426,2005,1187.0,177.0,301.0
427,2005,1130.0,47.0,939.0
428,2005,1439.0,68.0,736.0
429,2005,2321.0,128.0,2133.0
430,2005,413.0,73.0,309.0
431,2005,216.0,2.0,94.0
432,2005,1843.0,470.0,1132.0
433,2005,1119.0,162.0,882.0
434,2005,130.0,2.0,77.0
435,2005,228.0,55.0,87.0
436,2005,196.0,19.0,86.0
437,2005,2314.0,219.0,1489.0
438,2005,1142.0,210.0,665.0
439,2005,73.0,0.0,58.0
440,2005,760.0,6.0,60.0
441,2005,51.0,16.0,19.0
442,2005,15.0,0.0,11.0
443,2005,1254.0,6.0,587.0
444,2005,981.0,161.0,454.0
445,2005,3063.0,220.0,2310.0
446,2005,265.0,42.0,210.0
447,2005,159.0,5.0,145.0
448,2005,1953.0,59.0,616.0
449,2005,44.0,1.0,26.0
450,2005,287.0,13.0,200.0
451,2005,973.0,38.0,596.0
452,2005,1877.0,57.0,929.0
453,2005,3019.0,100.0,1285.0
454,2005,4075.0,61.0,1796.0
455,2005,252.0,104.0,140.0
456,2005,185.0,11.0,146.0
457,2005,438.0,42.0,289.0
458,2005,73.0,2.0,58.0
459,2005,352.0,30.0,284.0
1,2010,1216.0,197.0,769.0
2,2010,1009.0,53.0,455.0
3,2010,684.0,105.0,349.0
4,2010,1427.0,175.0,1099.0
5,2010,374.0,40.0,226.0
6,2010,224.0,12.0,180.0
7,2010,216.0,0.0,202.0
8,2010,383.0,80.0,272.0
9,2010,1006.0,515.0,326.0
10,2010,490.0,54.0,277.0
11,2010,148.0,7.0,133.0
12,2010,352.0,112.0,206.0
13,2010,314.0,33.0,216.0
14,2010,432.0,81.0,296.0
15,2010,830.0,61.0,627.0
16,2010,1836.0,344.0,1211.0
17,2010,3967.0,193.0,1610.0
18,2010,4028.0,283.0,1823.0
19,2010,2433.0,113.0,1086.0
20,2010,1273.0,69.0,1071.0
21,2010,951.0,135.0,593.0
22,2010,358.0,59.0,255.0
23,2010,897.0,409.0,422.0
24,2010,295.0,12.0,223.0
25,2010,0.0,0.0,0.0
26,2010,1200.0,79.0,957.0
27,2010,954.0,193.0,633.0
28,2010,808.0,169.0,398.0
29,2010,691.0,105.0,521.0
30,2010,3012.0,14.0,2934.0
31,2010,345.0,61.0,241.0
32,2010,316.0,25.0,234.0
33,2010,3722.0,270.0,2443.0
34,2010,2978.0,386.0,1451.0
35,2010,3373.0,30.0,2872.0
36,2010,9278.0,177.0,4592.0
37,2010,823.0,66.0,546.0
38,2010,4692.0,1416.0,2009.0
39,2010,265.0,1.0,231.0
40,2010,987.0,383.0,523.0
41,2010,686.0,94.0,463.0
42,2010,731.0,85.0,526.0
43,2010,4979.0,148.0,4688.0
44,2010,423.0,61.0,316.0
45,2010,701.0,40.0,461.0
46,2010,0.0,0.0,0.0
47,2010,523.0,174.0,309.0
48,2010,661.0,44.0,518.0
49,2010,229.0,9.0,168.0
50,2010,179.0,24.0,109.0
51,2010,165.0,1.0,149.0
52,2010,1445.0,177.0,1105.0
53,2010,523.0,73.0,418.0
54,2010,261.0,4.0,162.0
55,2010,500.0,13.0,393.0
56,2010,169.0,22.0,130.0
57,2010,811.0,63.0,675.0
58,2010,410.0,91.0,170.0
59,2010,1114.0,265.0,780.0
60,2010,16.0,0.0,6.0
61,2010,494.0,10.0,194.0
62,2010,941.0,16.0,758.0
63,2010,1198.0,249.0,690.0
64,2010,247.0,159.0,76.0
65,2010,302.0,23.0,218.0
66,2010,983.0,60.0,419.0
67,2010,84.0,16.0,57.0
68,2010,176.0,1.0,100.0
69,2010,996.0,66.0,914.0
70,2010,1910.0,71.0,342.0
71,2010,1144.0,189.0,671.0
72,2010,0.0,0.0,0.0
73,2010,8049.0,252.0,1864.0
74,2010,1561.0,87.0,266.0
75,2010,924.0,223.0,639.0
76,2010,2365.0,33.0,2218.0
77,2010,3151.0,588.0,2445.0
78,2010,0.0,0.0,0.0
79,2010,3798.0,173.0,1670.0
80,2010,3606.0,445.0,2305.0
81,2010,6150.0,541.0,3316.0
82,2010,2474.0,84.0,1919.0
83,2010,0.0,0.0,0.0
84,2010,6388.0,149.0,5287.0
85,2010,8216.0,164.0,4472.0
86,2010,9169.0,3.0,8991.0
87,2010,2580.0,117.0,1870.0
88,2010,534.0,6.0,469.0
89,2010,533.0,185.0,300.0
90,2010,65.0,1.0,49.0
91,2010,291.0,54.0,218.0
92,2010,830.0,4.0,806.0
93,2010,187.0,1.0,126.0
94,2010,769.0,16.0,688.0
95,2010,1704.0,2.0,1586.0
96,2010,324.0,10.0,255.0
97,2010,1214.0,76.0,883.0
98,2010,86.0,11.0,63.0
99,2010,796.0,107.0,576.0
100,2010,580.0,74.0,345.0
101,2010,823.0,22.0,712.0
102,2010,17.0,0.0,11.0
103,2010,103.0,5.0,95.0
104,2010,1030.0,13.0,848.0
105,2010,383.0,9.0,182.0
106,2010,339.0,14.0,122.0
107,2010,1348.0,554.0,507.0
108,2010,6862.0,498.0,1380.0
109,2010,19643.0,1977.0,5254.0
110,2010,289.0,30.0,99.0
111,2010,460.0,69.0,280.0
112,2010,492.0,56.0,153.0
113,2010,292.0,24.0,218.0
114,2010,109.0,16.0,86.0
115,2010,980.0,112.0,818.0
116,2010,57.0,4.0,42.0
117,2010,248.0,83.0,155.0
118,2010,3882.0,675.0,2763.0
119,2010,3016.0,392.0,2214.0
120,2010,1002.0,100.0,758.0
121,2010,1890.0,443.0,1308.0
122,2010,985.0,48.0,286.0
123,2010,711.0,252.0,394.0
124,2010,345.0,54.0,232.0
125,2010,78.0,1.0,63.0
126,2010,0.0,0.0,0.0
127,2010,582.0,1.0,40.0
128,2010,616.0,33.0,375.0
129,2010,286.0,19.0,196.0
130,2010,607.0,60.0,438.0
131,2010,558.0,208.0,243.0
132,2010,466.0,61.0,342.0
133,2010,1590.0,368.0,1009.0
134,2010,24.0,0.0,23.0
135,2010,291.0,50.0,191.0
136,2010,723.0,177.0,480.0
137,2010,473.0,1.0,393.0
138,2010,156.0,12.0,92.0
139,2010,280.0,77.0,166.0
140,2010,807.0,17.0,296.0
141,2010,904.0,44.0,320.0
142,2010,2070.0,74.0,965.0
143,2010,232.0,29.0,183.0
144,2010,518.0,45.0,381.0
145,2010,354.0,74.0,252.0
146,2010,636.0,82.0,422.0
147,2010,1088.0,299.0,766.0
148,2010,339.0,56.0,259.0
149,2010,94.0,1.0,58.0
150,2010,93.0,0.0,84.0
151,2010,22.0,0.0,21.0
152,2010,287.0,8.0,197.0
153,2010,330.0,20.0,236.0
154,2010,3143.0,622.0,1871.0
155,2010,457.0,40.0,154.0
156,2010,1889.0,209.0,1087.0
157,2010,5986.0,390.0,1006.0
158,2010,1419.0,301.0,635.0
159,2010,777.0,373.0,250.0
160,2010,381.0,184.0,104.0
161,2010,203.0,3.0,143.0
162,2010,767.0,9.0,356.0
163,2010,1100.0,222.0,666.0
164,2010,1454.0,70.0,1308.0
165,2010,673.0,142.0,381.0
166,2010,353.0,14.0,294.0
167,2010,991.0,149.0,820.0
168,2010,544.0,358.0,134.0
169,2010,365.0,17.0,274.0
170,2010,30139.0,1637.0,18141.0
171,2010,6423.0,65.0,999.0
172,2010,1039.0,115.0,463.0
173,2010,3339.0,428.0,2200.0
174,2010,2904.0,122.0,1629.0
175,2010,368.0,2.0,177.0
176,2010,1500.0,0.0,910.0
177,2010,1359.0,63.0,463.0
178,2010,64.0,4.0,40.0
179,2010,339.0,27.0,263.0
180,2010,781.0,126.0,471.0
181,2010,584.0,49.0,237.0
182,2010,469.0,25.0,300.0
183,2010,495.0,1.0,453.0
184,2010,738.0,50.0,391.0
185,2010,526.0,59.0,368.0
186,2010,2731.0,270.0,1364.0
187,2010,512.0,12.0,487.0
188,2010,414.0,4.0,361.0
189,2010,952.0,58.0,799.0
190,2010,742.0,73.0,600.0
191,2010,722.0,281.0,335.0
192,2010,100.0,9.0,53.0
193,2010,5244.0,263.0,2056.0
194,2010,1524.0,337.0,320.0
195,2010,926.0,261.0,507.0
196,2010,1260.0,529.0,562.0
197,2010,275.0,49.0,182.0
198,2010,915.0,134.0,533.0
199,2010,156.0,55.0,42.0
200,2010,980.0,138.0,601.0
201,2010,627.0,44.0,502.0
202,2010,515.0,74.0,300.0
203,2010,2084.0,62.0,359.0
204,2010,5540.0,873.0,3867.0
205,2010,6565.0,386.0,924.0
206,2010,3498.0,1916.0,1363.0
207,2010,1338.0,23.0,1197.0
208,2010,512.0,10.0,389.0
209,2010,236.0,45.0,148.0
210,2010,368.0,84.0,175.0
211,2010,970.0,284.0,337.0
212,2010,215.0,3.0,90.0
213,2010,1488.0,112.0,1097.0
214,2010,964.0,76.0,660.0
215,2010,242.0,1.0,184.0
216,2010,2163.0,393.0,1332.0
217,2010,2368.0,154.0,587.0
218,2010,130.0,6.0,86.0
219,2010,1544.0,52.0,1146.0
220,2010,2147.0,133.0,261.0
221,2010,1575.0,85.0,304.0
222,2010,1670.0,430.0,929.0
223,2010,1531.0,86.0,618.0
224,2010,797.0,146.0,172.0
225,2010,0.0,0.0,0.0
226,2010,506.0,78.0,157.0
227,2010,617.0,56.0,356.0
228,2010,634.0,42.0,287.0
229,2010,326.0,30.0,143.0
230,2010,180.0,7.0,101.0
231,2010,312.0,17.0,195.0
232,2010,649.0,79.0,159.0
233,2010,289.0,37.0,155.0
234,2010,762.0,32.0,280.0
235,2010,957.0,19.0,253.0
236,2010,636.0,86.0,272.0
237,2010,924.0,152.0,658.0
238,2010,415.0,16.0,109.0
239,2010,116.0,6.0,32.0
240,2010,337.0,25.0,108.0
241,2010,1112.0,11.0,221.0
242,2010,684.0,92.0,257.0
243,2010,756.0,104.0,359.0
244,2010,141.0,5.0,74.0
245,2010,267.0,16.0,143.0
246,2010,911.0,85.0,446.0
247,2010,338.0,102.0,134.0
248,2010,0.0,0.0,0.0
249,2010,851.0,38.0,709.0
250,2010,3225.0,13.0,1025.0
251,2010,5.0,0.0,2.0
252,2010,4956.0,138.0,4500.0
253,2010,681.0,5.0,564.0
254,2010,1926.0,409.0,1295.0
255,2010,660.0,140.0,473.0
256,2010,5336.0,797.0,2261.0
257,2010,290.0,24.0,213.0
258,2010,644.0,137.0,356.0
259,2010,291.0,57.0,142.0
260,2010,1517.0,282.0,874.0
261,2010,8244.0,843.0,3673.0
262,2010,1840.0,121.0,1037.0
263,2010,427.0,164.0,221.0
264,2010,236.0,122.0,95.0
265,2010,4282.0,573.0,1658.0
266,2010,7242.0,2269.0,3750.0
267,2010,732.0,142.0,525.0
268,2010,308.0,6.0,277.0
269,2010,1686.0,97.0,811.0
270,2010,3128.0,296.0,1997.0
271,2010,523.0,20.0,342.0
272,2010,502.0,79.0,371.0
273,2010,3915.0,1215.0,2236.0
274,2010,6815.0,1047.0,3166.0
275,2010,510.0,11.0,169.0
276,2010,2871.0,14.0,389.0
277,2010,212.0,46.0,144.0
278,2010,75.0,0.0,66.0
279,2010,2343.0,303.0,1058.0
280,2010,273.0,36.0,221.0
281,2010,538.0,11.0,484.0
282,2010,84.0,7.0,65.0
283,2010,255.0,1.0,232.0
284,2010,851.0,10.0,768.0
285,2010,388.0,82.0,273.0
286,2010,331.0,98.0,217.0
287,2010,2084.0,61.0,1100.0
288,2010,1256.0,533.0,588.0
289,2010,5705.0,310.0,3638.0
290,2010,246.0,24.0,180.0
291,2010,2780.0,285.0,1452.0
292,2010,69.0,1.0,61.0
293,2010,366.0,56.0,232.0
294,2010,1262.0,221.0,360.0
295,2010,4143.0,349.0,2038.0
296,2010,1616.0,33.0,418.0
297,2010,210.0,74.0,84.0
298,2010,301.0,75.0,202.0
299,2010,585.0,111.0,450.0
300,2010,263.0,4.0,161.0
301,2010,306.0,6.0,262.0
302,2010,182.0,7.0,153.0
303,2010,84.0,4.0,68.0
304,2010,34.0,0.0,29.0
305,2010,718.0,112.0,523.0
306,2010,24.0,2.0,17.0
307,2010,253.0,30.0,158.0
308,2010,304.0,72.0,211.0
309,2010,440.0,64.0,331.0
310,2010,470.0,4.0,329.0
311,2010,56.0,1.0,41.0
312,2010,290.0,64.0,169.0
313,2010,388.0,43.0,323.0
314,2010,468.0,24.0,216.0
315,2010,3712.0,195.0,1074.0
316,2010,5294.0,562.0,1657.0
317,2010,0.0,0.0,0.0
318,2010,2748.0,678.0,1585.0
319,2010,2566.0,308.0,1374.0
320,2010,71.0,0.0,23.0
321,2010,1461.0,57.0,169.0
322,2010,398.0,1.0,301.0
323,2010,81.0,2.0,16.0
324,2010,2853.0,275.0,1262.0
325,2010,764.0,179.0,295.0
326,2010,1281.0,27.0,825.0
327,2010,136.0,2.0,115.0
328,2010,924.0,258.0,578.0
329,2010,262.0,82.0,158.0
330,2010,2619.0,6.0,1070.0
331,2010,452.0,90.0,289.0
332,2010,980.0,298.0,598.0
333,2010,3409.0,342.0,1970.0
334,2010,345.0,81.0,72.0
335,2010,391.0,166.0,193.0
336,2010,627.0,12.0,346.0
337,2010,2491.0,69.0,845.0
338,2010,779.0,153.0,552.0
339,2010,6114.0,463.0,977.0
340,2010,3068.0,78.0,1271.0
341,2010,3370.0,28.0,175.0
342,2010,64.0,0.0,17.0
343,2010,1584.0,56.0,389.0
344,2010,584.0,36.0,54.0
345,2010,1043.0,188.0,407.0
346,2010,405.0,13.0,321.0
347,2010,673.0,10.0,198.0
348,2010,662.0,20.0,330.0
349,2010,1223.0,74.0,505.0
350,2010,1784.0,136.0,1265.0
351,2010,312.0,16.0,248.0
352,2010,353.0,0.0,156.0
353,2010,116.0,1.0,28.0
354,2010,449.0,44.0,189.0
355,2010,425.0,8.0,66.0
356,2010,251.0,28.0,100.0
357,2010,193.0,1.0,38.0
358,2010,546.0,52.0,316.0
359,2010,266.0,9.0,216.0
360,2010,309.0,6.0,190.0
361,2010,107.0,7.0,46.0
362,2010,1002.0,39.0,309.0
363,2010,346.0,63.0,133.0
364,2010,1051.0,105.0,348.0
365,2010,184.0,10.0,55.0
366,2010,603.0,15.0,529.0
367,2010,1778.0,105.0,1400.0
368,2010,418.0,48.0,277.0
369,2010,227.0,17.0,130.0
370,2010,619.0,229.0,246.0
371,2010,587.0,116.0,349.0
372,2010,547.0,5.0,435.0
373,2010,254.0,1.0,37.0
374,2010,407.0,10.0,317.0
375,2010,993.0,34.0,360.0
376,2010,228.0,54.0,128.0
377,2010,307.0,57.0,172.0
378,2010,53.0,1.0,24.0
379,2010,56.0,3.0,26.0
380,2010,86.0,1.0,35.0
381,2010,188.0,17.0,97.0
382,2010,159.0,17.0,82.0
383,2010,1067.0,0.0,321.0
384,2010,124.0,12.0,71.0
385,2010,118.0,37.0,36.0
386,2010,955.0,268.0,503.0
387,2010,684.0,277.0,326.0
388,2010,161.0,31.0,74.0
389,2010,1501.0,20.0,1422.0
390,2010,344.0,9.0,134.0
391,2010,923.0,47.0,467.0
392,2010,42.0,1.0,29.0
393,2010,198.0,45.0,95.0
394,2010,222.0,24.0,144.0
395,2010,180.0,6.0,73.0
396,2010,1226.0,370.0,219.0
397,2010,234.0,19.0,151.0
398,2010,278.0,60.0,126.0
399,2010,520.0,102.0,301.0
400,2010,123.0,11.0,60.0
401,2010,104.0,6.0,63.0
402,2010,189.0,6.0,141.0
403,2010,1026.0,232.0,665.0
404,2010,779.0,30.0,286.0
405,2010,117.0,6.0,104.0
406,2010,1781.0,92.0,153.0
407,2010,719.0,17.0,467.0
408,2010,99.0,0.0,77.0
409,2010,1544.0,778.0,561.0
410,2010,1306.0,310.0,781.0
411,2010,361.0,32.0,265.0
412,2010,500.0,60.0,363.0
413,2010,1106.0,129.0,244.0
414,2010,74.0,0.0,68.0
415,2010,4634.0,1467.0,2727.0
416,2010,432.0,71.0,247.0
417,2010,515.0,117.0,379.0
418,2010,198.0,8.0,143.0
419,2010,157.0,36.0,99.0
420,2010,995.0,170.0,480.0
421,2010,2940.0,32.0,2876.0
422,2010,587.0,376.0,169.0
423,2010,181.0,3.0,157.0
424,2010,469.0,23.0,378.0
425,2010,787.0,99.0,283.0
426,2010,1496.0,166.0,306.0
427,2010,1172.0,57.0,999.0
428,2010,1812.0,169.0,952.0
429,2010,2773.0,125.0,2576.0
430,2010,478.0,76.0,363.0
431,2010,220.0,6.0,111.0
432,2010,2224.0,455.0,1545.0
433,2010,963.0,194.0,645.0
434,2010,265.0,11.0,180.0
435,2010,277.0,100.0,92.0
436,2010,191.0,6.0,131.0
437,2010,2110.0,210.0,739.0
438,2010,2384.0,685.0,1027.0
439,2010,79.0,0.0,60.0
440,2010,693.0,14.0,63.0
441,2010,64.0,27.0,26.0
442,2010,17.0,0.0,12.0
443,2010,1214.0,18.0,724.0
444,2010,936.0,187.0,433.0
445,2010,3780.0,186.0,2244.0
446,2010,224.0,31.0,187.0
447,2010,155.0,6.0,124.0
448,2010,604.0,56.0,518.0
449,2010,20.0,0.0,16.0
450,2010,133.0,9.0,54.0
451,2010,2174.0,73.0,663.0
452,2010,1920.0,52.0,1017.0
453,2010,2542.0,58.0,1093.0
454,2010,5077.0,78.0,2600.0
455,2010,376.0,9.0,349.0
456,2010,218.0,16.0,177.0
457,2010,366.0,30.0,174.0
458,2010,79.0,1.0,71.0
459,2010,355.0,6.0,329.0
1,2020,1923.0,242.0,1313.0
2,2020,1202.0,49.0,456.0
3,2020,616.0,88.0,276.0
4,2020,1928.0,250.0,1417.0
5,2020,619.0,104.0,368.0
6,2020,257.0,23.0,188.0
7,2020,262.0,1.0,234.0
8,2020,562.0,56.0,392.0
9,2020,697.0,177.0,381.0
10,2020,616.0,72.0,243.0
11,2020,239.0,12.0,153.0
12,2020,378.0,45.0,286.0
13,2020,476.0,33.0,401.0
14,2020,539.0,96.0,306.0
15,2020,1180.0,108.0,942.0
16,2020,2335.0,214.0,1573.0
17,2020,5026.0,415.0,1815.0
18,2020,6046.0,411.0,2916.0
19,2020,3201.0,122.0,1486.0
20,2020,1273.0,43.0,983.0
21,2020,1112.0,152.0,732.0
22,2020,430.0,50.0,317.0
23,2020,1110.0,410.0,591.0
24,2020,407.0,18.0,278.0
25,2020,0.0,0.0,0.0
26,2020,1427.0,91.0,1076.0
27,2020,986.0,205.0,632.0
28,2020,1131.0,190.0,537.0
29,2020,592.0,53.0,466.0
30,2020,2882.0,8.0,2783.0
31,2020,370.0,66.0,201.0
32,2020,614.0,167.0,373.0
33,2020,5224.0,401.0,3486.0
34,2020,4303.0,574.0,2233.0
35,2020,3626.0,118.0,2913.0
36,2020,11782.0,262.0,5497.0
37,2020,1081.0,96.0,638.0
38,2020,4508.0,869.0,2037.0
39,2020,405.0,0.0,322.0
40,2020,1126.0,458.0,585.0
41,2020,702.0,61.0,484.0
42,2020,943.0,116.0,660.0
43,2020,5739.0,257.0,5282.0
44,2020,560.0,50.0,460.0
45,2020,631.0,55.0,286.0
46,2020,0.0,0.0,0.0
47,2020,644.0,166.0,396.0
48,2020,989.0,34.0,825.0
49,2020,583.0,6.0,457.0
50,2020,418.0,16.0,360.0
51,2020,221.0,15.0,186.0
52,2020,2001.0,217.0,1343.0
53,2020,769.0,148.0,562.0
54,2020,405.0,34.0,306.0
55,2020,944.0,35.0,728.0
56,2020,374.0,25.0,247.0
57,2020,1321.0,94.0,1161.0
58,2020,994.0,80.0,477.0
59,2020,1735.0,206.0,1461.0
60,2020,16.0,0.0,7.0
61,2020,431.0,24.0,146.0
62,2020,1233.0,11.0,981.0
63,2020,1384.0,238.0,794.0
64,2020,263.0,122.0,127.0
65,2020,500.0,71.0,368.0
66,2020,1147.0,101.0,445.0
67,2020,153.0,20.0,104.0
68,2020,355.0,0.0,200.0
69,2020,1429.0,126.0,1246.0
70,2020,1664.0,87.0,430.0
71,2020,1643.0,282.0,848.0
72,2020,0.0,0.0,0.0
73,2020,9829.0,216.0,2085.0
74,2020,1536.0,67.0,534.0
75,2020,1541.0,195.0,830.0
76,2020,329.0,0.0,288.0
77,2020,3611.0,705.0,2788.0
78,2020,0.0,0.0,0.0
79,2020,5028.0,245.0,2083.0
80,2020,5383.0,585.0,3428.0
81,2020,9816.0,733.0,5998.0
82,2020,2877.0,79.0,2223.0
83,2020,0.0,0.0,0.0
84,2020,4313.0,127.0,2311.0
85,2020,14866.0,214.0,10244.0
86,2020,10190.0,2.0,8019.0
87,2020,4197.0,163.0,3146.0
88,2020,633.0,14.0,492.0
89,2020,634.0,209.0,390.0
90,2020,193.0,11.0,147.0
91,2020,367.0,76.0,252.0
92,2020,880.0,6.0,843.0
93,2020,557.0,127.0,325.0
94,2020,542.0,10.0,433.0
95,2020,1308.0,0.0,1270.0
96,2020,363.0,29.0,293.0
97,2020,1507.0,95.0,1134.0
98,2020,239.0,19.0,146.0
99,2020,886.0,146.0,663.0
100,2020,732.0,92.0,536.0
101,2020,1050.0,5.0,867.0
102,2020,25.0,0.0,17.0
103,2020,180.0,4.0,156.0
104,2020,838.0,34.0,687.0
105,2020,725.0,38.0,408.0
106,2020,476.0,20.0,193.0
107,2020,1724.0,644.0,824.0
108,2020,10113.0,694.0,1698.0
109,2020,26421.0,2293.0,7821.0
110,2020,280.0,9.0,159.0
111,2020,417.0,81.0,260.0
112,2020,526.0,73.0,161.0
113,2020,461.0,26.0,314.0
114,2020,138.0,29.0,100.0
115,2020,799.0,120.0,580.0
116,2020,53.0,0.0,38.0
117,2020,129.0,3.0,82.0
118,2020,3989.0,693.0,2736.0
119,2020,3952.0,470.0,2978.0
120,2020,1200.0,125.0,674.0
121,2020,2497.0,605.0,1520.0
122,2020,892.0,68.0,210.0
123,2020,790.0,216.0,466.0
124,2020,267.0,11.0,229.0
125,2020,131.0,24.0,89.0
126,2020,0.0,0.0,0.0
127,2020,1040.0,27.0,150.0
128,2020,867.0,46.0,485.0
129,2020,618.0,17.0,353.0
130,2020,975.0,124.0,529.0
131,2020,448.0,200.0,180.0
132,2020,533.0,43.0,383.0
133,2020,1226.0,281.0,852.0
134,2020,49.0,0.0,45.0
135,2020,392.0,19.0,292.0
136,2020,640.0,135.0,404.0
137,2020,689.0,97.0,563.0
138,2020,160.0,17.0,100.0
139,2020,698.0,42.0,541.0
140,2020,1250.0,22.0,368.0
141,2020,877.0,45.0,363.0
142,2020,2213.0,123.0,959.0
143,2020,373.0,23.0,329.0
144,2020,534.0,66.0,412.0
145,2020,337.0,54.0,246.0
146,2020,885.0,81.0,459.0
147,2020,1246.0,246.0,963.0
148,2020,383.0,95.0,223.0
149,2020,179.0,2.0,122.0
150,2020,169.0,2.0,144.0
151,2020,30.0,0.0,29.0
152,2020,355.0,9.0,273.0
153,2020,481.0,2.0,326.0
154,2020,3601.0,649.0,1936.0
155,2020,570.0,0.0,179.0
156,2020,2292.0,223.0,1472.0
157,2020,8361.0,405.0,1391.0
158,2020,1759.0,202.0,807.0
159,2020,1168.0,353.0,441.0
160,2020,634.0,228.0,172.0
161,2020,180.0,25.0,117.0
162,2020,1047.0,25.0,631.0
163,2020,1552.0,437.0,991.0
164,2020,1216.0,1.0,1176.0
165,2020,852.0,217.0,324.0
166,2020,494.0,48.0,355.0
167,2020,1342.0,267.0,1053.0
168,2020,1096.0,580.0,440.0
169,2020,484.0,22.0,296.0
170,2020,36892.0,1714.0,21564.0
171,2020,9788.0,14.0,1466.0
172,2020,1164.0,117.0,644.0
173,2020,3368.0,277.0,2265.0
174,2020,4199.0,208.0,2491.0
175,2020,258.0,1.0,243.0
176,2020,1610.0,1.0,1029.0
177,2020,1546.0,68.0,694.0
178,2020,75.0,2.0,51.0
179,2020,549.0,27.0,396.0
180,2020,905.0,144.0,579.0
181,2020,870.0,38.0,544.0
182,2020,383.0,55.0,267.0
183,2020,339.0,17.0,259.0
184,2020,874.0,114.0,521.0
185,2020,748.0,55.0,479.0
186,2020,3119.0,195.0,1395.0
187,2020,596.0,11.0,529.0
188,2020,421.0,6.0,335.0
189,2020,440.0,115.0,268.0
190,2020,936.0,92.0,595.0
191,2020,790.0,258.0,384.0
192,2020,142.0,6.0,94.0
193,2020,6343.0,361.0,2380.0
194,2020,2184.0,392.0,518.0
195,2020,1009.0,238.0,660.0
196,2020,1574.0,688.0,699.0
197,2020,265.0,3.0,211.0
198,2020,1162.0,247.0,562.0
199,2020,193.0,59.0,74.0
200,2020,1186.0,97.0,791.0
201,2020,490.0,56.0,371.0
202,2020,498.0,11.0,369.0
203,2020,2136.0,211.0,528.0
204,2020,7263.0,946.0,4485.0
205,2020,7614.0,392.0,1685.0
206,2020,3712.0,2033.0,1486.0
207,2020,1058.0,44.0,828.0
208,2020,523.0,13.0,377.0
209,2020,575.0,22.0,450.0
210,2020,930.0,286.0,391.0
211,2020,1282.0,358.0,376.0
212,2020,374.0,1.0,238.0
213,2020,2230.0,140.0,1734.0
214,2020,905.0,71.0,663.0
215,2020,335.0,1.0,232.0
216,2020,2259.0,443.0,1232.0
217,2020,3613.0,266.0,761.0
218,2020,275.0,5.0,126.0
219,2020,2188.0,61.0,1882.0
220,2020,3140.0,360.0,666.0
221,2020,1853.0,259.0,705.0
222,2020,1977.0,296.0,1197.0
223,2020,1915.0,101.0,748.0
224,2020,1174.0,191.0,172.0
225,2020,0.0,0.0,0.0
226,2020,699.0,81.0,174.0
227,2020,776.0,89.0,459.0
228,2020,920.0,76.0,472.0
229,2020,492.0,26.0,255.0
230,2020,294.0,4.0,129.0
231,2020,523.0,11.0,228.0
232,2020,509.0,2.0,174.0
233,2020,601.0,118.0,293.0
234,2020,1128.0,89.0,425.0
235,2020,1357.0,229.0,295.0
236,2020,801.0,111.0,364.0
237,2020,1179.0,241.0,774.0
238,2020,813.0,28.0,167.0
239,2020,213.0,3.0,80.0
240,2020,474.0,19.0,188.0
241,2020,1595.0,25.0,298.0
242,2020,1071.0,140.0,281.0
243,2020,1184.0,87.0,417.0
244,2020,144.0,2.0,40.0
245,2020,370.0,17.0,186.0
246,2020,874.0,107.0,374.0
247,2020,339.0,64.0,193.0
248,2020,0.0,0.0,0.0
249,2020,1110.0,55.0,903.0
250,2020,2670.0,2.0,1075.0
251,2020,22.0,0.0,21.0
252,2020,5179.0,107.0,4623.0
253,2020,1215.0,100.0,983.0
254,2020,1990.0,194.0,1613.0
255,2020,616.0,112.0,405.0
256,2020,6099.0,906.0,2804.0
257,2020,724.0,17.0,640.0
258,2020,890.0,107.0,661.0
259,2020,378.0,61.0,190.0
260,2020,1595.0,213.0,680.0
261,2020,9428.0,1076.0,3768.0
262,2020,1835.0,153.0,959.0
263,2020,491.0,126.0,278.0
264,2020,211.0,60.0,131.0
265,2020,6198.0,393.0,2434.0
266,2020,7018.0,2143.0,3745.0
267,2020,854.0,159.0,578.0
268,2020,418.0,4.0,372.0
269,2020,1791.0,60.0,958.0
270,2020,4915.0,529.0,2764.0
271,2020,828.0,26.0,458.0
272,2020,693.0,70.0,459.0
273,2020,4907.0,1575.0,2863.0
274,2020,15739.0,1090.0,2586.0
275,2020,277.0,16.0,181.0
276,2020,548.0,1.0,424.0
277,2020,232.0,1.0,192.0
278,2020,104.0,1.0,99.0
279,2020,3100.0,453.0,1235.0
280,2020,445.0,6.0,394.0
281,2020,1058.0,9.0,963.0
282,2020,278.0,8.0,234.0
283,2020,188.0,8.0,148.0
284,2020,1205.0,112.0,949.0
285,2020,246.0,3.0,210.0
286,2020,386.0,64.0,288.0
287,2020,5078.0,213.0,3554.0
288,2020,1613.0,707.0,676.0
289,2020,6035.0,443.0,3777.0
290,2020,314.0,31.0,219.0
291,2020,2744.0,352.0,1195.0
292,2020,153.0,1.0,98.0
293,2020,570.0,113.0,340.0
294,2020,782.0,162.0,556.0
295,2020,6586.0,453.0,4174.0
296,2020,2113.0,35.0,525.0
297,2020,330.0,70.0,192.0
298,2020,422.0,63.0,325.0
299,2020,786.0,175.0,541.0
300,2020,481.0,20.0,321.0
301,2020,278.0,15.0,218.0
302,2020,175.0,4.0,142.0
303,2020,177.0,8.0,153.0
304,2020,745.0,125.0,567.0
305,2020,1181.0,143.0,861.0
306,2020,26.0,1.0,16.0
307,2020,382.0,73.0,208.0
308,2020,479.0,97.0,361.0
309,2020,450.0,73.0,319.0
310,2020,261.0,5.0,186.0
311,2020,92.0,5.0,48.0
312,2020,416.0,45.0,306.0
313,2020,464.0,115.0,319.0
314,2020,515.0,23.0,292.0
315,2020,6356.0,149.0,1492.0
316,2020,7663.0,737.0,2656.0
317,2020,0.0,0.0,0.0
318,2020,4282.0,1041.0,2453.0
319,2020,3634.0,479.0,1701.0
320,2020,57.0,0.0,32.0
321,2020,2177.0,69.0,208.0
322,2020,512.0,7.0,375.0
323,2020,95.0,0.0,36.0
324,2020,4067.0,558.0,1371.0
325,2020,1174.0,260.0,516.0
326,2020,1562.0,43.0,813.0
327,2020,205.0,12.0,139.0
328,2020,1234.0,356.0,748.0
329,2020,254.0,51.0,179.0
330,2020,3713.0,51.0,1217.0
331,2020,1454.0,226.0,957.0
332,2020,1143.0,383.0,699.0
333,2020,3051.0,311.0,1220.0
334,2020,366.0,131.0,81.0
335,2020,516.0,227.0,216.0
336,2020,851.0,8.0,398.0
337,2020,2628.0,37.0,996.0
338,2020,959.0,159.0,669.0
339,2020,11157.0,676.0,2795.0
340,2020,3265.0,205.0,1293.0
341,2020,4222.0,22.0,195.0
342,2020,142.0,1.0,58.0
343,2020,3220.0,94.0,1232.0
344,2020,371.0,14.0,88.0
345,2020,1487.0,397.0,493.0
346,2020,712.0,0.0,239.0
347,2020,1017.0,15.0,312.0
348,2020,815.0,31.0,457.0
349,2020,786.0,81.0,577.0
350,2020,2235.0,185.0,1319.0
351,2020,471.0,12.0,373.0
352,2020,401.0,4.0,187.0
353,2020,157.0,0.0,42.0
354,2020,608.0,53.0,198.0
355,2020,365.0,9.0,76.0
356,2020,443.0,24.0,215.0
357,2020,304.0,10.0,48.0
358,2020,637.0,60.0,280.0
359,2020,304.0,11.0,178.0
360,2020,600.0,3.0,190.0
361,2020,179.0,19.0,64.0
362,2020,1637.0,30.0,515.0
363,2020,293.0,23.0,119.0
364,2020,1650.0,170.0,596.0
365,2020,570.0,5.0,82.0
366,2020,762.0,27.0,614.0
367,2020,2453.0,146.0,2166.0
368,2020,797.0,45.0,657.0
369,2020,469.0,98.0,250.0
370,2020,926.0,249.0,515.0
371,2020,1092.0,113.0,892.0
372,2020,131.0,16.0,27.0
373,2020,296.0,0.0,60.0
374,2020,596.0,1.0,403.0
375,2020,959.0,29.0,174.0
376,2020,605.0,72.0,446.0
377,2020,352.0,68.0,200.0
378,2020,195.0,4.0,92.0
379,2020,169.0,1.0,67.0
380,2020,144.0,4.0,63.0
381,2020,493.0,22.0,285.0
382,2020,668.0,22.0,536.0
383,2020,2131.0,90.0,1014.0
384,2020,181.0,0.0,143.0
385,2020,115.0,8.0,61.0
386,2020,1260.0,300.0,611.0
387,2020,927.0,324.0,438.0
388,2020,342.0,14.0,308.0
389,2020,735.0,86.0,487.0
390,2020,717.0,11.0,291.0
391,2020,1253.0,91.0,477.0
392,2020,167.0,4.0,116.0
393,2020,631.0,211.0,340.0
394,2020,556.0,20.0,239.0
395,2020,347.0,4.0,143.0
396,2020,1939.0,340.0,316.0
397,2020,373.0,30.0,285.0
398,2020,696.0,119.0,208.0
399,2020,683.0,115.0,364.0
400,2020,240.0,21.0,135.0
401,2020,230.0,1.0,143.0
402,2020,450.0,1.0,386.0
403,2020,814.0,273.0,370.0
404,2020,1860.0,47.0,1058.0
405,2020,203.0,2.0,149.0
406,2020,3814.0,81.0,243.0
407,2020,950.0,53.0,642.0
408,2020,262.0,0.0,208.0
409,2020,1484.0,557.0,727.0
410,2020,1465.0,274.0,817.0
411,2020,1515.0,81.0,234.0
412,2020,288.0,6.0,180.0
413,2020,1504.0,140.0,297.0
414,2020,226.0,0.0,188.0
415,2020,4733.0,1409.0,2659.0
416,2020,349.0,9.0,222.0
417,2020,659.0,133.0,483.0
418,2020,556.0,135.0,249.0
419,2020,689.0,280.0,275.0
420,2020,1342.0,206.0,577.0
421,2020,3598.0,70.0,3487.0
422,2020,507.0,200.0,260.0
423,2020,300.0,0.0,199.0
424,2020,499.0,28.0,392.0
425,2020,1458.0,205.0,604.0
426,2020,1554.0,167.0,535.0
427,2020,1700.0,84.0,1255.0
428,2020,2585.0,183.0,1749.0
429,2020,820.0,54.0,696.0
430,2020,815.0,187.0,549.0
431,2020,358.0,8.0,121.0
432,2020,2566.0,556.0,1811.0
433,2020,1583.0,446.0,1065.0
434,2020,757.0,86.0,534.0
435,2020,451.0,160.0,134.0
436,2020,549.0,40.0,367.0
437,2020,3192.0,264.0,1673.0
438,2020,4612.0,670.0,2926.0
439,2020,79.0,0.0,46.0
440,2020,956.0,16.0,170.0
441,2020,138.0,11.0,89.0
442,2020,144.0,2.0,114.0
443,2020,713.0,16.0,316.0
444,2020,1337.0,182.0,745.0
445,2020,1623.0,259.0,653.0
446,2020,329.0,36.0,246.0
447,2020,267.0,6.0,148.0
448,2020,855.0,55.0,700.0
449,2020,70.0,1.0,64.0
450,2020,273.0,7.0,148.0
451,2020,1535.0,55.0,813.0
452,2020,2064.0,198.0,1108.0
453,2020,3613.0,113.0,1675.0
454,2020,6357.0,152.0,2680.0
455,2020,282.0,53.0,159.0
456,2020,482.0,38.0,376.0
457,2020,608.0,74.0,495.0
458,2020,192.0,2.0,167.0
459,2020,256.0,13.0,176.0
1,2025,1984.0,237.0,1355.0
2,2025,1225.0,47.0,474.0
3,2025,630.0,88.0,292.0
4,2025,1993.0,249.0,1461.0
5,2025,617.0,96.0,372.0
6,2025,265.0,23.0,195.0
7,2025,262.0,1.0,232.0
8,2025,577.0,54.0,399.0
9,2025,705.0,169.0,390.0
10,2025,669.0,71.0,270.0
11,2025,246.0,12.0,159.0
12,2025,386.0,43.0,294.0
13,2025,476.0,32.0,406.0
14,2025,545.0,92.0,317.0
15,2025,1189.0,105.0,956.0
16,2025,2373.0,207.0,1605.0
17,2025,5198.0,403.0,1929.0
18,2025,6196.0,399.0,3050.0
19,2025,3250.0,118.0,1544.0
20,2025,1304.0,42.0,1009.0
21,2025,1140.0,147.0,761.0
22,2025,436.0,48.0,322.0
23,2025,1114.0,399.0,603.0
24,2025,402.0,17.0,282.0
25,2025,0.0,0.0,0.0
26,2025,1453.0,89.0,1104.0
27,2025,1029.0,203.0,672.0
28,2025,1174.0,189.0,560.0
29,2025,603.0,53.0,475.0
30,2025,2922.0,8.0,2801.0
31,2025,378.0,65.0,205.0
32,2025,619.0,164.0,378.0
33,2025,5364.0,388.0,3641.0
34,2025,4377.0,562.0,2339.0
35,2025,3626.0,109.0,2926.0
36,2025,12259.0,254.0,5682.0
37,2025,1100.0,91.0,661.0
38,2025,4638.0,866.0,2143.0
39,2025,413.0,0.0,325.0
40,2025,1141.0,450.0,593.0
41,2025,701.0,58.0,486.0
42,2025,968.0,113.0,669.0
43,2025,5779.0,252.0,5310.0
44,2025,567.0,48.0,466.0
45,2025,627.0,54.0,293.0
46,2025,0.0,0.0,0.0
47,2025,670.0,168.0,412.0
48,2025,1044.0,35.0,868.0
49,2025,589.0,6.0,463.0
50,2025,423.0,16.0,366.0
51,2025,225.0,15.0,190.0
52,2025,2054.0,211.0,1381.0
53,2025,793.0,147.0,586.0
54,2025,414.0,33.0,315.0
55,2025,957.0,33.0,743.0
56,2025,386.0,24.0,255.0
57,2025,1339.0,91.0,1148.0
58,2025,1011.0,79.0,500.0
59,2025,1755.0,198.0,1473.0
60,2025,21.0,0.0,9.0
61,2025,438.0,24.0,153.0
62,2025,1290.0,12.0,1014.0
63,2025,1430.0,236.0,836.0
64,2025,280.0,123.0,139.0
65,2025,558.0,76.0,404.0
66,2025,1192.0,102.0,472.0
67,2025,162.0,20.0,112.0
68,2025,367.0,0.0,213.0
69,2025,1588.0,137.0,1356.0
70,2025,1690.0,86.0,469.0
71,2025,1692.0,277.0,898.0
72,2025,0.0,0.0,0.0
73,2025,10142.0,215.0,2397.0
74,2025,1562.0,67.0,575.0
75,2025,1570.0,195.0,844.0
76,2025,339.0,0.0,298.0
77,2025,3525.0,652.0,2700.0
78,2025,0.0,0.0,0.0
79,2025,5052.0,235.0,2078.0
80,2025,5365.0,559.0,3375.0
81,2025,10024.0,722.0,6243.0
82,2025,3107.0,81.0,2389.0
83,2025,0.0,0.0,0.0
84,2025,4355.0,132.0,2352.0
85,2025,15385.0,213.0,10697.0
86,2025,10537.0,2.0,8332.0
87,2025,4180.0,156.0,3155.0
88,2025,624.0,13.0,490.0
89,2025,647.0,200.0,414.0
90,2025,195.0,11.0,151.0
91,2025,370.0,73.0,257.0
92,2025,933.0,8.0,861.0
93,2025,560.0,126.0,328.0
94,2025,616.0,12.0,477.0
95,2025,1400.0,1.0,1345.0
96,2025,366.0,30.0,293.0
97,2025,1595.0,97.0,1197.0
98,2025,240.0,18.0,144.0
99,2025,906.0,146.0,678.0
100,2025,744.0,92.0,550.0
101,2025,1077.0,5.0,878.0
102,2025,26.0,0.0,18.0
103,2025,179.0,4.0,157.0
104,2025,850.0,33.0,702.0
105,2025,755.0,36.0,422.0
106,2025,471.0,19.0,192.0
107,2025,1807.0,642.0,861.0
108,2025,10694.0,698.0,1893.0
109,2025,26972.0,2265.0,8318.0
110,2025,311.0,11.0,182.0
111,2025,422.0,79.0,270.0
112,2025,540.0,76.0,174.0
113,2025,464.0,25.0,314.0
114,2025,141.0,30.0,103.0
115,2025,817.0,121.0,598.0
116,2025,55.0,0.0,39.0
117,2025,133.0,3.0,84.0
118,2025,4106.0,691.0,2858.0
119,2025,4064.0,466.0,3083.0
120,2025,1236.0,125.0,696.0
121,2025,2546.0,600.0,1575.0
122,2025,911.0,68.0,216.0
123,2025,813.0,216.0,482.0
124,2025,276.0,11.0,236.0
125,2025,131.0,22.0,89.0
126,2025,0.0,0.0,0.0
127,2025,1004.0,27.0,161.0
128,2025,900.0,48.0,518.0
129,2025,786.0,29.0,418.0
130,2025,1008.0,124.0,547.0
131,2025,456.0,202.0,185.0
132,2025,555.0,43.0,404.0
133,2025,1246.0,282.0,868.0
134,2025,50.0,0.0,46.0
135,2025,399.0,19.0,301.0
136,2025,650.0,133.0,413.0
137,2025,696.0,97.0,564.0
138,2025,173.0,17.0,108.0
139,2025,721.0,42.0,560.0
140,2025,1334.0,24.0,417.0
141,2025,888.0,45.0,388.0
142,2025,2347.0,126.0,1056.0
143,2025,416.0,24.0,364.0
144,2025,540.0,66.0,417.0
145,2025,357.0,54.0,262.0
146,2025,1072.0,83.0,600.0
147,2025,1338.0,250.0,1040.0
148,2025,402.0,97.0,236.0
149,2025,644.0,16.0,440.0
150,2025,185.0,2.0,154.0
151,2025,32.0,0.0,30.0
152,2025,385.0,9.0,295.0
153,2025,651.0,4.0,377.0
154,2025,3813.0,660.0,2083.0
155,2025,629.0,1.0,215.0
156,2025,2453.0,231.0,1615.0
157,2025,8647.0,425.0,1582.0
158,2025,1971.0,210.0,954.0
159,2025,1341.0,365.0,526.0
160,2025,709.0,238.0,213.0
161,2025,205.0,26.0,135.0
162,2025,1088.0,25.0,666.0
163,2025,1678.0,445.0,1084.0
164,2025,1242.0,1.0,1184.0
165,2025,931.0,223.0,355.0
166,2025,651.0,50.0,426.0
167,2025,1451.0,272.0,1153.0
168,2025,1150.0,590.0,472.0
169,2025,487.0,20.0,304.0
170,2025,37093.0,1684.0,21822.0
171,2025,9796.0,15.0,1521.0
172,2025,1174.0,113.0,647.0
173,2025,3378.0,272.0,2282.0
174,2025,4177.0,202.0,2485.0
175,2025,257.0,1.0,242.0
176,2025,1596.0,1.0,1022.0
177,2025,1525.0,67.0,696.0
178,2025,73.0,2.0,51.0
179,2025,548.0,27.0,398.0
180,2025,957.0,146.0,626.0
181,2025,872.0,37.0,551.0
182,2025,392.0,55.0,278.0
183,2025,346.0,17.0,265.0
184,2025,901.0,114.0,556.0
185,2025,769.0,54.0,502.0
186,2025,3190.0,195.0,1446.0
187,2025,629.0,11.0,557.0
188,2025,432.0,6.0,345.0
189,2025,446.0,115.0,275.0
190,2025,1096.0,102.0,693.0
191,2025,906.0,309.0,441.0
192,2025,169.0,7.0,117.0
193,2025,6421.0,373.0,2565.0
194,2025,2176.0,388.0,546.0
195,2025,1014.0,233.0,668.0
196,2025,1765.0,728.0,815.0
197,2025,266.0,3.0,213.0
198,2025,1324.0,273.0,642.0
199,2025,195.0,58.0,75.0
200,2025,1244.0,95.0,833.0
201,2025,498.0,55.0,382.0
202,2025,574.0,14.0,424.0
203,2025,2109.0,208.0,537.0
204,2025,7208.0,922.0,4496.0
205,2025,7541.0,383.0,1711.0
206,2025,3830.0,2074.0,1562.0
207,2025,1059.0,45.0,833.0
208,2025,533.0,14.0,389.0
209,2025,632.0,24.0,503.0
210,2025,1060.0,327.0,479.0
211,2025,1332.0,353.0,432.0
212,2025,381.0,1.0,246.0
213,2025,2362.0,138.0,1879.0
214,2025,954.0,70.0,715.0
215,2025,359.0,1.0,257.0
216,2025,2366.0,435.0,1330.0
217,2025,3545.0,260.0,830.0
218,2025,304.0,5.0,154.0
219,2025,2179.0,60.0,1890.0
220,2025,3212.0,361.0,729.0
221,2025,1921.0,254.0,773.0
222,2025,2056.0,290.0,1259.0
223,2025,1880.0,97.0,760.0
224,2025,1146.0,182.0,175.0
225,2025,0.0,0.0,0.0
226,2025,699.0,79.0,180.0
227,2025,779.0,85.0,468.0
228,2025,932.0,74.0,491.0
229,2025,743.0,26.0,474.0
230,2025,303.0,4.0,139.0
231,2025,541.0,11.0,246.0
232,2025,608.0,27.0,244.0
233,2025,800.0,179.0,435.0
234,2025,1166.0,104.0,481.0
235,2025,1347.0,221.0,308.0
236,2025,808.0,108.0,377.0
237,2025,1203.0,231.0,805.0
238,2025,812.0,27.0,175.0
239,2025,216.0,3.0,83.0
240,2025,492.0,19.0,205.0
241,2025,1583.0,25.0,319.0
242,2025,1073.0,137.0,299.0
243,2025,1201.0,84.0,445.0
244,2025,143.0,2.0,41.0
245,2025,385.0,17.0,202.0
246,2025,919.0,104.0,418.0
247,2025,347.0,62.0,203.0
248,2025,0.0,0.0,0.0
249,2025,1114.0,52.0,908.0
250,2025,2670.0,2.0,1141.0
251,2025,21.0,0.0,20.0
252,2025,5189.0,104.0,4626.0
253,2025,1222.0,98.0,997.0
254,2025,2021.0,190.0,1629.0
255,2025,636.0,110.0,421.0
256,2025,6150.0,887.0,2872.0
257,2025,732.0,17.0,649.0
258,2025,921.0,104.0,686.0
259,2025,381.0,59.0,194.0
260,2025,1644.0,208.0,706.0
261,2025,9500.0,1061.0,3884.0
262,2025,1846.0,152.0,995.0
263,2025,493.0,126.0,283.0
264,2025,213.0,60.0,135.0
265,2025,6260.0,388.0,2519.0
266,2025,7092.0,2110.0,3855.0
267,2025,860.0,156.0,585.0
268,2025,418.0,4.0,373.0
269,2025,1782.0,59.0,970.0
270,2025,4910.0,521.0,2790.0
271,2025,848.0,25.0,464.0
272,2025,720.0,70.0,472.0
273,2025,4974.0,1548.0,2931.0
274,2025,15781.0,1074.0,2646.0
275,2025,289.0,16.0,184.0
276,2025,602.0,1.0,426.0
277,2025,236.0,1.0,195.0
278,2025,107.0,1.0,101.0
279,2025,3175.0,450.0,1278.0
280,2025,453.0,6.0,404.0
281,2025,1125.0,11.0,1024.0
282,2025,285.0,8.0,241.0
283,2025,190.0,8.0,149.0
284,2025,1200.0,109.0,957.0
285,2025,267.0,4.0,229.0
286,2025,397.0,63.0,302.0
287,2025,5462.0,217.0,3886.0
288,2025,1629.0,701.0,693.0
289,2025,6083.0,437.0,3835.0
290,2025,345.0,31.0,254.0
291,2025,2825.0,353.0,1303.0
292,2025,159.0,1.0,105.0
293,2025,601.0,113.0,373.0
294,2025,792.0,160.0,567.0
295,2025,6750.0,448.0,4285.0
296,2025,1397.0,33.0,494.0
297,2025,347.0,69.0,209.0
298,2025,436.0,62.0,339.0
299,2025,797.0,174.0,556.0
300,2025,513.0,19.0,331.0
301,2025,283.0,15.0,226.0
302,2025,174.0,4.0,143.0
303,2025,175.0,8.0,153.0
304,2025,760.0,122.0,583.0
305,2025,1191.0,140.0,867.0
306,2025,26.0,1.0,16.0
307,2025,378.0,73.0,210.0
308,2025,490.0,95.0,374.0
309,2025,466.0,73.0,334.0
310,2025,614.0,14.0,459.0
311,2025,91.0,5.0,49.0
312,2025,422.0,45.0,317.0
313,2025,471.0,113.0,329.0
314,2025,514.0,23.0,302.0
315,2025,6366.0,146.0,1521.0
316,2025,7754.0,714.0,2711.0
317,2025,0.0,0.0,0.0
318,2025,4311.0,1008.0,2497.0
319,2025,3709.0,463.0,1778.0
320,2025,58.0,0.0,33.0
321,2025,2389.0,73.0,303.0
322,2025,529.0,7.0,392.0
323,2025,95.0,0.0,37.0
324,2025,5562.0,547.0,2231.0
325,2025,1265.0,272.0,595.0
326,2025,2230.0,121.0,1282.0
327,2025,208.0,12.0,141.0
328,2025,1256.0,346.0,775.0
329,2025,254.0,48.0,180.0
330,2025,3833.0,48.0,1279.0
331,2025,1463.0,219.0,972.0
332,2025,1143.0,368.0,713.0
333,2025,3268.0,329.0,1382.0
334,2025,366.0,132.0,85.0
335,2025,518.0,221.0,222.0
336,2025,3362.0,8.0,810.0
337,2025,2618.0,34.0,1066.0
338,2025,996.0,151.0,694.0
339,2025,11691.0,645.0,2897.0
340,2025,3615.0,162.0,1477.0
341,2025,4282.0,22.0,205.0
342,2025,154.0,1.0,60.0
343,2025,3501.0,94.0,1428.0
344,2025,395.0,14.0,114.0
345,2025,1539.0,415.0,554.0
346,2025,707.0,1.0,255.0
347,2025,1039.0,16.0,334.0
348,2025,813.0,31.0,471.0
349,2025,839.0,85.0,613.0
350,2025,2149.0,179.0,1289.0
351,2025,479.0,12.0,383.0
352,2025,394.0,4.0,194.0
353,2025,170.0,0.0,51.0
354,2025,653.0,53.0,235.0
355,2025,383.0,9.0,97.0
356,2025,555.0,36.0,281.0
357,2025,308.0,13.0,60.0
358,2025,686.0,66.0,312.0
359,2025,267.0,9.0,159.0
360,2025,556.0,4.0,181.0
361,2025,2096.0,218.0,1217.0
362,2025,2267.0,48.0,799.0
363,2025,986.0,82.0,560.0
364,2025,1933.0,206.0,736.0
365,2025,1078.0,49.0,267.0
366,2025,898.0,33.0,730.0
367,2025,2536.0,157.0,2240.0
368,2025,881.0,53.0,725.0
369,2025,1006.0,214.0,562.0
370,2025,1404.0,375.0,797.0
371,2025,1109.0,117.0,907.0
372,2025,239.0,27.0,58.0
373,2025,293.0,1.0,63.0
374,2025,625.0,4.0,425.0
375,2025,1104.0,46.0,237.0
376,2025,627.0,77.0,462.0
377,2025,428.0,84.0,246.0
378,2025,526.0,34.0,242.0
379,2025,154.0,1.0,63.0
380,2025,161.0,4.0,74.0
381,2025,718.0,35.0,415.0
382,2025,1005.0,40.0,715.0
383,2025,2745.0,136.0,1277.0
384,2025,224.0,2.0,176.0
385,2025,104.0,7.0,55.0
386,2025,1437.0,303.0,753.0
387,2025,1059.0,322.0,562.0
388,2025,329.0,12.0,296.0
389,2025,918.0,102.0,605.0
390,2025,1141.0,27.0,606.0
391,2025,1372.0,91.0,598.0
392,2025,184.0,5.0,130.0
393,2025,651.0,215.0,356.0
394,2025,1043.0,37.0,539.0
395,2025,432.0,6.0,203.0
396,2025,2087.0,365.0,438.0
397,2025,378.0,30.0,292.0
398,2025,740.0,123.0,262.0
399,2025,764.0,126.0,422.0
400,2025,678.0,70.0,405.0
401,2025,223.0,2.0,143.0
402,2025,436.0,1.0,374.0
403,2025,809.0,271.0,375.0
404,2025,2117.0,72.0,1250.0
405,2025,202.0,2.0,150.0
406,2025,4210.0,91.0,445.0
407,2025,899.0,49.0,610.0
408,2025,261.0,0.0,208.0
409,2025,1540.0,562.0,778.0
410,2025,1569.0,280.0,917.0
411,2025,1497.0,83.0,254.0
412,2025,294.0,5.0,190.0
413,2025,1600.0,149.0,395.0
414,2025,216.0,0.0,176.0
415,2025,4739.0,1315.0,2761.0
416,2025,361.0,10.0,237.0
417,2025,683.0,130.0,507.0
418,2025,590.0,139.0,277.0
419,2025,627.0,246.0,259.0
420,2025,1388.0,189.0,628.0
421,2025,3733.0,63.0,3625.0
422,2025,533.0,196.0,282.0
423,2025,288.0,0.0,190.0
424,2025,484.0,25.0,378.0
425,2025,1421.0,182.0,598.0
426,2025,1575.0,156.0,574.0
427,2025,1725.0,76.0,1267.0
428,2025,2874.0,163.0,2011.0
429,2025,804.0,53.0,680.0
430,2025,862.0,190.0,585.0
431,2025,725.0,44.0,306.0
432,2025,2496.0,523.0,1774.0
433,2025,1494.0,414.0,1009.0
434,2025,870.0,111.0,598.0
435,2025,817.0,231.0,303.0
436,2025,706.0,53.0,469.0
437,2025,3718.0,340.0,1980.0
438,2025,4381.0,644.0,2768.0
439,2025,83.0,0.0,48.0
440,2025,1005.0,16.0,197.0
441,2025,125.0,9.0,81.0
442,2025,136.0,2.0,107.0
443,2025,926.0,27.0,457.0
444,2025,1391.0,192.0,781.0
445,2025,1879.0,289.0,728.0
446,2025,349.0,33.0,266.0
447,2025,260.0,6.0,149.0
448,2025,879.0,53.0,723.0
449,2025,92.0,1.0,84.0
450,2025,320.0,7.0,187.0
451,2025,1690.0,55.0,940.0
452,2025,2730.0,230.0,1562.0
453,2025,3635.0,108.0,1787.0
454,2025,6584.0,149.0,2968.0
455,2025,296.0,45.0,185.0
456,2025,469.0,36.0,368.0
457,2025,603.0,67.0,495.0
458,2025,182.0,2.0,158.0
459,2025,277.0,13.0,191.0
1,2030,2046.0,231.0,1397.0
2,2030,1249.0,45.0,491.0
3,2030,644.0,87.0,308.0
4,2030,2058.0,248.0,1505.0
5,2030,616.0,89.0,376.0
6,2030,274.0,22.0,202.0
7,2030,262.0,1.0,231.0
8,2030,593.0,52.0,405.0
9,2030,714.0,161.0,399.0
10,2030,722.0,70.0,298.0
11,2030,253.0,12.0,164.0
12,2030,394.0,42.0,302.0
13,2030,475.0,30.0,411.0
14,2030,551.0,89.0,327.0
15,2030,1197.0,100.0,969.0
16,2030,2412.0,200.0,1637.0
17,2030,5370.0,392.0,2043.0
18,2030,6346.0,388.0,3184.0
19,2030,3300.0,115.0,1601.0
20,2030,1334.0,40.0,1035.0
21,2030,1169.0,142.0,791.0
22,2030,441.0,46.0,328.0
23,2030,1118.0,388.0,613.0
24,2030,398.0,17.0,286.0
25,2030,0.0,0.0,0.0
26,2030,1480.0,87.0,1131.0
27,2030,1070.0,202.0,712.0
28,2030,1216.0,188.0,583.0
29,2030,613.0,52.0,484.0
30,2030,2961.0,7.0,2819.0
31,2030,386.0,64.0,208.0
32,2030,622.0,160.0,384.0
33,2030,5503.0,374.0,3794.0
34,2030,4451.0,550.0,2445.0
35,2030,3626.0,100.0,2938.0
36,2030,12735.0,246.0,5868.0
37,2030,1118.0,87.0,684.0
38,2030,4768.0,864.0,2248.0
39,2030,420.0,0.0,327.0
40,2030,1158.0,442.0,602.0
41,2030,700.0,56.0,489.0
42,2030,992.0,110.0,678.0
43,2030,5819.0,248.0,5339.0
44,2030,574.0,46.0,473.0
45,2030,623.0,54.0,299.0
46,2030,0.0,0.0,0.0
47,2030,695.0,170.0,427.0
48,2030,1099.0,37.0,911.0
49,2030,595.0,5.0,469.0
50,2030,429.0,15.0,372.0
51,2030,228.0,14.0,193.0
52,2030,2107.0,204.0,1419.0
53,2030,817.0,145.0,609.0
54,2030,423.0,32.0,325.0
55,2030,969.0,32.0,757.0
56,2030,397.0,24.0,264.0
57,2030,1357.0,89.0,1135.0
58,2030,1029.0,77.0,523.0
59,2030,1775.0,191.0,1486.0
60,2030,26.0,0.0,9.0
61,2030,445.0,24.0,161.0
62,2030,1347.0,12.0,1047.0
63,2030,1476.0,235.0,879.0
64,2030,297.0,123.0,151.0
65,2030,615.0,80.0,441.0
66,2030,1238.0,102.0,500.0
67,2030,170.0,20.0,120.0
68,2030,379.0,0.0,224.0
69,2030,1747.0,147.0,1466.0
70,2030,1715.0,84.0,509.0
71,2030,1741.0,272.0,949.0
72,2030,0.0,0.0,0.0
73,2030,10454.0,213.0,2709.0
74,2030,1588.0,67.0,616.0
75,2030,1600.0,193.0,859.0
76,2030,348.0,0.0,308.0
77,2030,3439.0,599.0,2613.0
78,2030,0.0,0.0,0.0
79,2030,5075.0,224.0,2073.0
80,2030,5347.0,532.0,3323.0
81,2030,10232.0,711.0,6488.0
82,2030,3336.0,83.0,2556.0
83,2030,0.0,0.0,0.0
84,2030,4396.0,137.0,2393.0
85,2030,15904.0,213.0,11151.0
86,2030,10883.0,2.0,8644.0
87,2030,4163.0,149.0,3163.0
88,2030,616.0,12.0,487.0
89,2030,661.0,190.0,438.0
90,2030,198.0,11.0,154.0
91,2030,373.0,69.0,262.0
92,2030,986.0,9.0,879.0
93,2030,562.0,125.0,332.0
94,2030,690.0,14.0,520.0
95,2030,1492.0,2.0,1420.0
96,2030,370.0,30.0,293.0
97,2030,1683.0,99.0,1260.0
98,2030,241.0,17.0,142.0
99,2030,925.0,145.0,694.0
100,2030,756.0,91.0,563.0
101,2030,1104.0,5.0,888.0
102,2030,27.0,0.0,18.0
103,2030,179.0,4.0,158.0
104,2030,862.0,32.0,716.0
105,2030,786.0,34.0,435.0
106,2030,6.0,0.0,2.0
107,2030,2.0,1.0,1.0
108,2030,11275.0,701.0,2089.0
109,2030,8.0,1.0,2.0
110,2030,341.0,12.0,205.0
111,2030,428.0,78.0,280.0
112,2030,554.0,80.0,187.0
113,2030,467.0,24.0,315.0
114,2030,145.0,31.0,105.0
115,2030,836.0,122.0,616.0
116,2030,56.0,0.0,40.0
117,2030,136.0,3.0,85.0
118,2030,4223.0,689.0,2979.0
119,2030,4176.0,461.0,3188.0
120,2030,1273.0,126.0,719.0
121,2030,2595.0,595.0,1629.0
122,2030,929.0,68.0,223.0
123,2030,835.0,217.0,498.0
124,2030,285.0,11.0,244.0
125,2030,131.0,21.0,90.0
126,2030,0.0,0.0,0.0
127,2030,968.0,27.0,172.0
128,2030,934.0,51.0,550.0
129,2030,954.0,40.0,483.0
130,2030,1040.0,125.0,566.0
131,2030,464.0,205.0,190.0
132,2030,577.0,43.0,425.0
133,2030,1265.0,283.0,884.0
134,2030,51.0,0.0,48.0
135,2030,406.0,18.0,309.0
136,2030,660.0,132.0,422.0
137,2030,702.0,97.0,565.0
138,2030,186.0,17.0,117.0
139,2030,745.0,42.0,579.0
140,2030,1417.0,26.0,467.0
141,2030,898.0,46.0,414.0
142,2030,2482.0,130.0,1153.0
143,2030,459.0,25.0,399.0
144,2030,546.0,66.0,421.0
145,2030,378.0,55.0,278.0
146,2030,1259.0,86.0,739.0
147,2030,1430.0,255.0,1117.0
148,2030,422.0,99.0,249.0
149,2030,1110.0,30.0,758.0
150,2030,200.0,2.0,166.0
151,2030,34.0,0.0,32.0
152,2030,414.0,9.0,316.0
153,2030,820.0,6.0,428.0
154,2030,4025.0,671.0,2230.0
155,2030,687.0,2.0,250.0
156,2030,2615.0,238.0,1758.0
157,2030,16.0,1.0,3.0
158,2030,2182.0,218.0,1100.0
159,2030,1514.0,377.0,610.0
160,2030,786.0,249.0,254.0
161,2030,228.0,27.0,153.0
162,2030,1130.0,25.0,701.0
163,2030,1803.0,452.0,1176.0
164,2030,1269.0,1.0,1193.0
165,2030,1009.0,228.0,385.0
166,2030,808.0,53.0,497.0
167,2030,1559.0,277.0,1252.0
168,2030,1204.0,600.0,503.0
169,2030,17.0,1.0,11.0
170,2030,37293.0,1654.0,22079.0
171,2030,9805.0,16.0,1575.0
172,2030,1184.0,110.0,652.0
173,2030,3387.0,267.0,2298.0
174,2030,4155.0,195.0,2479.0
175,2030,255.0,1.0,242.0
176,2030,1582.0,1.0,1015.0
177,2030,1504.0,65.0,698.0
178,2030,72.0,2.0,51.0
179,2030,547.0,27.0,401.0
180,2030,1010.0,148.0,671.0
181,2030,875.0,37.0,559.0
182,2030,402.0,54.0,289.0
183,2030,354.0,17.0,272.0
184,2030,929.0,114.0,591.0
185,2030,790.0,53.0,524.0
186,2030,3261.0,195.0,1498.0
187,2030,663.0,12.0,586.0
188,2030,443.0,6.0,355.0
189,2030,453.0,115.0,282.0
190,2030,1255.0,113.0,792.0
191,2030,1022.0,359.0,498.0
192,2030,196.0,7.0,139.0
193,2030,6499.0,384.0,2750.0
194,2030,2168.0,384.0,572.0
195,2030,1021.0,228.0,676.0
196,2030,1955.0,768.0,931.0
197,2030,267.0,3.0,215.0
198,2030,1485.0,299.0,722.0
199,2030,196.0,56.0,76.0
200,2030,1301.0,94.0,875.0
201,2030,506.0,54.0,393.0
202,2030,650.0,16.0,480.0
203,2030,2081.0,205.0,547.0
204,2030,7152.0,898.0,4506.0
205,2030,7469.0,374.0,1736.0
206,2030,3949.0,2115.0,1637.0
207,2030,1060.0,46.0,838.0
208,2030,544.0,14.0,402.0
209,2030,688.0,25.0,557.0
210,2030,1191.0,368.0,567.0
211,2030,1381.0,347.0,489.0
212,2030,389.0,1.0,254.0
213,2030,2493.0,135.0,2024.0
214,2030,1001.0,69.0,767.0
215,2030,383.0,1.0,282.0
216,2030,2473.0,425.0,1428.0
217,2030,3476.0,254.0,900.0
218,2030,334.0,5.0,181.0
219,2030,2169.0,58.0,1898.0
220,2030,3285.0,362.0,791.0
221,2030,1990.0,250.0,839.0
222,2030,2135.0,283.0,1322.0
223,2030,1845.0,93.0,772.0
224,2030,1117.0,174.0,177.0
225,2030,0.0,0.0,0.0
226,2030,700.0,76.0,186.0
227,2030,782.0,81.0,477.0
228,2030,944.0,71.0,510.0
229,2030,994.0,26.0,693.0
230,2030,311.0,4.0,149.0
231,2030,559.0,11.0,265.0
232,2030,707.0,51.0,314.0
233,2030,998.0,239.0,578.0
234,2030,1205.0,119.0,538.0
235,2030,1337.0,214.0,321.0
236,2030,815.0,105.0,389.0
237,2030,1228.0,222.0,835.0
238,2030,812.0,26.0,183.0
239,2030,219.0,3.0,86.0
240,2030,510.0,19.0,222.0
241,2030,1572.0,24.0,340.0
242,2030,1074.0,134.0,316.0
243,2030,1218.0,82.0,472.0
244,2030,143.0,2.0,43.0
245,2030,400.0,16.0,217.0
246,2030,965.0,100.0,461.0
247,2030,354.0,60.0,213.0
248,2030,0.0,0.0,0.0
249,2030,1118.0,50.0,914.0
250,2030,2671.0,2.0,1206.0
251,2030,20.0,0.0,20.0
252,2030,5198.0,102.0,4628.0
253,2030,1229.0,96.0,1011.0
254,2030,2052.0,185.0,1647.0
255,2030,655.0,109.0,437.0
256,2030,6202.0,867.0,2941.0
257,2030,742.0,16.0,657.0
258,2030,952.0,102.0,712.0
259,2030,384.0,57.0,198.0
260,2030,1693.0,203.0,732.0
261,2030,9572.0,1046.0,4000.0
262,2030,1857.0,150.0,1032.0
263,2030,495.0,125.0,289.0
264,2030,215.0,58.0,138.0
265,2030,6322.0,384.0,2605.0
266,2030,7167.0,2079.0,3964.0
267,2030,866.0,153.0,593.0
268,2030,419.0,4.0,375.0
269,2030,1774.0,58.0,983.0
270,2030,4906.0,513.0,2816.0
271,2030,869.0,25.0,470.0
272,2030,748.0,69.0,487.0
273,2030,5041.0,1521.0,3000.0
274,2030,15824.0,1059.0,2706.0
275,2030,301.0,16.0,187.0
276,2030,657.0,1.0,428.0
277,2030,239.0,1.0,199.0
278,2030,108.0,1.0,104.0
279,2030,3250.0,448.0,1321.0
280,2030,462.0,6.0,415.0
281,2030,1194.0,12.0,1086.0
282,2030,291.0,8.0,247.0
283,2030,192.0,8.0,151.0
284,2030,1194.0,107.0,966.0
285,2030,288.0,4.0,250.0
286,2030,409.0,62.0,316.0
287,2030,5845.0,222.0,4218.0
288,2030,1646.0,694.0,708.0
289,2030,6132.0,431.0,3892.0
290,2030,376.0,32.0,288.0
291,2030,2907.0,355.0,1412.0
292,2030,164.0,1.0,113.0
293,2030,632.0,114.0,406.0
294,2030,801.0,157.0,578.0
295,2030,6913.0,443.0,4398.0
296,2030,682.0,32.0,463.0
297,2030,365.0,69.0,226.0
298,2030,450.0,61.0,352.0
299,2030,809.0,174.0,571.0
300,2030,544.0,19.0,342.0
301,2030,288.0,15.0,233.0
302,2030,173.0,4.0,144.0
303,2030,174.0,8.0,153.0
304,2030,775.0,118.0,599.0
305,2030,1202.0,136.0,874.0
306,2030,25.0,1.0,15.0
307,2030,374.0,73.0,212.0
308,2030,500.0,94.0,386.0
309,2030,482.0,73.0,348.0
310,2030,966.0,22.0,732.0
311,2030,89.0,5.0,50.0
312,2030,429.0,45.0,327.0
313,2030,478.0,112.0,339.0
314,2030,513.0,22.0,312.0
315,2030,6375.0,143.0,1552.0
316,2030,7845.0,690.0,2765.0
317,2030,0.0,0.0,0.0
318,2030,4341.0,974.0,2540.0
319,2030,3784.0,448.0,1854.0
320,2030,60.0,0.0,33.0
321,2030,2600.0,76.0,397.0
322,2030,547.0,7.0,409.0
323,2030,95.0,0.0,38.0
324,2030,7057.0,535.0,3091.0
325,2030,1358.0,283.0,673.0
326,2030,2896.0,199.0,1750.0
327,2030,211.0,12.0,144.0
328,2030,1277.0,336.0,801.0
329,2030,254.0,46.0,182.0
330,2030,3954.0,46.0,1342.0
331,2030,1472.0,213.0,987.0
332,2030,1142.0,352.0,727.0
333,2030,3486.0,347.0,1544.0
334,2030,366.0,133.0,90.0
335,2030,520.0,216.0,228.0
336,2030,5874.0,7.0,1221.0
337,2030,2607.0,32.0,1138.0
338,2030,1034.0,143.0,719.0
339,2030,12224.0,614.0,2998.0
340,2030,3966.0,120.0,1662.0
341,2030,4342.0,21.0,215.0
342,2030,166.0,1.0,62.0
343,2030,3783.0,95.0,1626.0
344,2030,419.0,14.0,140.0
345,2030,1592.0,435.0,615.0
346,2030,703.0,2.0,270.0
347,2030,1061.0,16.0,355.0
348,2030,812.0,31.0,486.0
349,2030,892.0,88.0,649.0
350,2030,2063.0,174.0,1259.0
351,2030,486.0,12.0,392.0
352,2030,388.0,4.0,202.0
353,2030,184.0,0.0,61.0
354,2030,699.0,53.0,272.0
355,2030,401.0,9.0,118.0
356,2030,667.0,48.0,346.0
357,2030,313.0,16.0,71.0
358,2030,736.0,73.0,345.0
359,2030,228.0,8.0,141.0
360,2030,512.0,4.0,173.0
361,2030,4011.0,417.0,2370.0
362,2030,2898.0,66.0,1083.0
363,2030,1680.0,143.0,1002.0
364,2030,2216.0,241.0,875.0
365,2030,1586.0,93.0,453.0
366,2030,1035.0,40.0,846.0
367,2030,2620.0,167.0,2314.0
368,2030,965.0,61.0,794.0
369,2030,1543.0,329.0,874.0
370,2030,1882.0,500.0,1079.0
371,2030,1126.0,120.0,921.0
372,2030,347.0,39.0,88.0
373,2030,290.0,1.0,65.0
374,2030,653.0,7.0,446.0
375,2030,1249.0,63.0,300.0
376,2030,650.0,82.0,478.0
377,2030,505.0,101.0,291.0
378,2030,858.0,64.0,392.0
379,2030,141.0,1.0,60.0
380,2030,177.0,5.0,86.0
381,2030,942.0,50.0,545.0
382,2030,1342.0,58.0,895.0
383,2030,3360.0,181.0,1539.0
384,2030,268.0,3.0,208.0
385,2030,93.0,7.0,50.0
386,2030,1613.0,307.0,893.0
387,2030,1191.0,321.0,686.0
388,2030,316.0,12.0,285.0
389,2030,1100.0,117.0,724.0
390,2030,1566.0,42.0,922.0
391,2030,1490.0,91.0,718.0
392,2030,200.0,6.0,144.0
393,2030,670.0,218.0,373.0
394,2030,1530.0,53.0,838.0
395,2030,516.0,8.0,264.0
396,2030,2234.0,390.0,562.0
397,2030,384.0,30.0,300.0
398,2030,784.0,128.0,315.0
399,2030,844.0,136.0,480.0
400,2030,1117.0,119.0,676.0
401,2030,216.0,2.0,143.0
402,2030,423.0,1.0,363.0
403,2030,805.0,268.0,380.0
404,2030,2375.0,97.0,1442.0
405,2030,202.0,2.0,151.0
406,2030,4607.0,100.0,647.0
407,2030,848.0,45.0,579.0
408,2030,260.0,0.0,207.0
409,2030,1596.0,568.0,829.0
410,2030,1673.0,286.0,1017.0
411,2030,1479.0,86.0,273.0
412,2030,301.0,4.0,200.0
413,2030,1696.0,158.0,492.0
414,2030,206.0,0.0,164.0
415,2030,4745.0,1221.0,2864.0
416,2030,373.0,11.0,252.0
417,2030,707.0,126.0,531.0
418,2030,624.0,144.0,305.0
419,2030,565.0,213.0,242.0
420,2030,1432.0,171.0,679.0
421,2030,3868.0,55.0,3764.0
422,2030,559.0,191.0,304.0
423,2030,276.0,0.0,180.0
424,2030,468.0,23.0,363.0
425,2030,1384.0,158.0,591.0
426,2030,1595.0,146.0,613.0
427,2030,1750.0,68.0,1279.0
428,2030,3164.0,143.0,2272.0
429,2030,788.0,52.0,662.0
430,2030,910.0,193.0,619.0
431,2030,1092.0,79.0,492.0
432,2030,2425.0,492.0,1737.0
433,2030,1405.0,383.0,955.0
434,2030,983.0,136.0,661.0
435,2030,1183.0,301.0,471.0
436,2030,862.0,66.0,571.0
437,2030,4244.0,417.0,2287.0
438,2030,4150.0,619.0,2609.0
439,2030,87.0,0.0,51.0
440,2030,1055.0,16.0,224.0
441,2030,112.0,8.0,74.0
442,2030,127.0,2.0,99.0
443,2030,1139.0,38.0,598.0
444,2030,1444.0,203.0,818.0
445,2030,2136.0,318.0,805.0
446,2030,370.0,31.0,286.0
447,2030,253.0,5.0,151.0
448,2030,901.0,51.0,745.0
449,2030,115.0,2.0,104.0
450,2030,366.0,6.0,226.0
451,2030,1844.0,55.0,1067.0
452,2030,3396.0,262.0,2015.0
453,2030,3656.0,104.0,1899.0
454,2030,6811.0,148.0,3256.0
455,2030,311.0,36.0,211.0
456,2030,455.0,34.0,359.0
457,2030,598.0,60.0,494.0
458,2030,172.0,2.0,149.0
459,2030,298.0,14.0,205.0
1,2035,2101.0,229.0,1438.0
2,2035,1291.0,46.0,520.0
3,2035,657.0,89.0,321.0
4,2035,2115.0,251.0,1543.0
5,2035,632.0,88.0,389.0
6,2035,290.0,22.0,215.0
7,2035,262.0,1.0,230.0
8,2035,626.0,52.0,428.0
9,2035,781.0,165.0,447.0
10,2035,862.0,77.0,371.0
11,2035,260.0,12.0,170.0
12,2035,409.0,43.0,314.0
13,2035,490.0,30.0,425.0
14,2035,590.0,90.0,356.0
15,2035,1240.0,101.0,1005.0
16,2035,2498.0,201.0,1706.0
17,2035,5582.0,390.0,2159.0
18,2035,6782.0,412.0,3470.0
19,2035,3446.0,118.0,1690.0
20,2035,1378.0,40.0,1071.0
21,2035,1220.0,143.0,835.0
22,2035,466.0,46.0,345.0
23,2035,1165.0,391.0,645.0
24,2035,420.0,17.0,306.0
25,2035,0.0,0.0,0.0
26,2035,1555.0,87.0,1197.0
27,2035,1165.0,207.0,793.0
28,2035,1259.0,190.0,614.0
29,2035,692.0,57.0,550.0
30,2035,3103.0,7.0,2944.0
31,2035,402.0,64.0,218.0
32,2035,635.0,159.0,395.0
33,2035,5653.0,367.0,3944.0
34,2035,4728.0,570.0,2633.0
35,2035,3778.0,96.0,3054.0
36,2035,13345.0,270.0,6214.0
37,2035,1171.0,87.0,723.0
38,2035,5124.0,895.0,2422.0
39,2035,416.0,0.0,324.0
40,2035,1216.0,440.0,639.0
41,2035,751.0,58.0,528.0
42,2035,1015.0,108.0,693.0
43,2035,5885.0,242.0,5403.0
44,2035,596.0,46.0,492.0
45,2035,651.0,56.0,321.0
46,2035,0.0,0.0,0.0
47,2035,719.0,172.0,444.0
48,2035,1191.0,38.0,985.0
49,2035,596.0,5.0,469.0
50,2035,439.0,14.0,378.0
51,2035,230.0,14.0,195.0
52,2035,2174.0,203.0,1467.0
53,2035,831.0,144.0,621.0
54,2035,445.0,33.0,340.0
55,2035,1003.0,32.0,784.0
56,2035,419.0,24.0,277.0
57,2035,1487.0,89.0,1220.0
58,2035,1070.0,77.0,548.0
59,2035,1837.0,185.0,1538.0
60,2035,29.0,0.0,11.0
61,2035,461.0,24.0,170.0
62,2035,1420.0,12.0,1099.0
63,2035,1539.0,236.0,928.0
64,2035,325.0,124.0,170.0
65,2035,673.0,81.0,479.0
66,2035,1277.0,103.0,522.0
67,2035,174.0,20.0,125.0
68,2035,266.0,0.0,157.0
69,2035,1952.0,156.0,1625.0
70,2035,1862.0,89.0,583.0
71,2035,1809.0,275.0,1004.0
72,2035,0.0,0.0,0.0
73,2035,10505.0,210.0,2765.0
74,2035,1645.0,68.0,658.0
75,2035,1625.0,193.0,877.0
76,2035,366.0,0.0,326.0
77,2035,3625.0,600.0,2739.0
78,2035,0.0,0.0,0.0
79,2035,5313.0,227.0,2181.0
80,2035,5501.0,533.0,3416.0
81,2035,10875.0,719.0,6970.0
82,2035,3447.0,81.0,2627.0
83,2035,0.0,0.0,0.0
84,2035,4511.0,138.0,2461.0
85,2035,17077.0,222.0,12094.0
86,2035,11167.0,2.0,8878.0
87,2035,4249.0,144.0,3266.0
88,2035,653.0,12.0,523.0
89,2035,701.0,190.0,477.0
90,2035,200.0,11.0,157.0
91,2035,376.0,67.0,267.0
92,2035,1082.0,11.0,954.0
93,2035,565.0,125.0,337.0
94,2035,711.0,14.0,536.0
95,2035,1556.0,2.0,1473.0
96,2035,374.0,30.0,297.0
97,2035,1719.0,101.0,1293.0
98,2035,247.0,17.0,146.0
99,2035,961.0,146.0,724.0
100,2035,774.0,91.0,585.0
101,2035,1104.0,5.0,892.0
102,2035,28.0,0.0,19.0
103,2035,182.0,4.0,162.0
104,2035,881.0,31.0,737.0
105,2035,804.0,33.0,442.0
106,2035,495.0,17.0,210.0
107,2035,2042.0,644.0,973.0
108,2035,11741.0,713.0,2342.0
109,2035,28789.0,2283.0,9640.0
110,2035,409.0,14.0,252.0
111,2035,446.0,79.0,294.0
112,2035,600.0,84.0,219.0
113,2035,491.0,25.0,332.0
114,2035,148.0,31.0,108.0
115,2035,902.0,129.0,668.0
116,2035,58.0,0.0,41.0
117,2035,138.0,3.0,86.0
118,2035,4466.0,721.0,3174.0
119,2035,4501.0,494.0,3437.0
120,2035,1300.0,129.0,735.0
121,2035,2726.0,608.0,1734.0
122,2035,960.0,69.0,233.0
123,2035,878.0,224.0,528.0
124,2035,292.0,11.0,250.0
125,2035,133.0,20.0,91.0
126,2035,0.0,0.0,0.0
127,2035,1003.0,29.0,187.0
128,2035,1006.0,55.0,611.0
129,2035,1032.0,44.0,528.0
130,2035,1068.0,126.0,582.0
131,2035,480.0,205.0,199.0
132,2035,601.0,44.0,445.0
133,2035,1319.0,296.0,921.0
134,2035,53.0,0.0,49.0
135,2035,423.0,20.0,327.0
136,2035,689.0,137.0,440.0
137,2035,755.0,113.0,596.0
138,2035,219.0,19.0,137.0
139,2035,768.0,41.0,606.0
140,2035,1481.0,28.0,519.0
141,2035,905.0,46.0,432.0
142,2035,2567.0,133.0,1220.0
143,2035,499.0,26.0,430.0
144,2035,565.0,67.0,439.0
145,2035,398.0,56.0,295.0
146,2035,1477.0,89.0,908.0
147,2035,1515.0,258.0,1187.0
148,2035,439.0,102.0,260.0
149,2035,1349.0,47.0,969.0
150,2035,208.0,2.0,172.0
151,2035,35.0,0.0,33.0
152,2035,431.0,9.0,327.0
153,2035,1030.0,9.0,528.0
154,2035,4180.0,685.0,2333.0
155,2035,737.0,4.0,285.0
156,2035,2740.0,246.0,1862.0
157,2035,9970.0,474.0,2275.0
158,2035,2419.0,227.0,1285.0
159,2035,1619.0,389.0,683.0
160,2035,851.0,257.0,299.0
161,2035,241.0,27.0,164.0
162,2035,1293.0,32.0,813.0
163,2035,1897.0,463.0,1248.0
164,2035,1339.0,1.0,1249.0
165,2035,1072.0,234.0,415.0
166,2035,981.0,58.0,590.0
167,2035,1610.0,281.0,1299.0
168,2035,1242.0,613.0,524.0
169,2035,541.0,20.0,354.0
170,2035,38297.0,1669.0,22703.0
171,2035,9883.0,16.0,1613.0
172,2035,1270.0,115.0,699.0
173,2035,3558.0,281.0,2416.0
174,2035,4279.0,197.0,2554.0
175,2035,262.0,1.0,249.0
176,2035,1619.0,1.0,1040.0
177,2035,1536.0,66.0,722.0
178,2035,186.0,4.0,137.0
179,2035,560.0,27.0,411.0
180,2035,1252.0,181.0,874.0
181,2035,932.0,42.0,601.0
182,2035,418.0,56.0,303.0
183,2035,368.0,17.0,284.0
184,2035,990.0,120.0,637.0
185,2035,830.0,56.0,554.0
186,2035,3385.0,202.0,1576.0
187,2035,733.0,17.0,644.0
188,2035,454.0,6.0,364.0
189,2035,464.0,117.0,290.0
190,2035,1380.0,119.0,875.0
191,2035,1112.0,397.0,544.0
192,2035,215.0,8.0,155.0
193,2035,6778.0,391.0,2984.0
194,2035,2216.0,394.0,621.0
195,2035,1056.0,233.0,702.0
196,2035,2165.0,818.0,1063.0
197,2035,273.0,3.0,221.0
198,2035,1626.0,329.0,798.0
199,2035,201.0,58.0,79.0
200,2035,1394.0,96.0,944.0
201,2035,520.0,56.0,404.0
202,2035,700.0,18.0,514.0
203,2035,2124.0,210.0,566.0
204,2035,7333.0,913.0,4662.0
205,2035,7813.0,389.0,1918.0
206,2035,4101.0,2173.0,1725.0
207,2035,1136.0,51.0,895.0
208,2035,562.0,14.0,417.0
209,2035,724.0,28.0,585.0
210,2035,1260.0,373.0,619.0
211,2035,1465.0,359.0,555.0
212,2035,599.0,6.0,450.0
213,2035,2618.0,139.0,2145.0
214,2035,1054.0,71.0,817.0
215,2035,412.0,1.0,311.0
216,2035,2647.0,438.0,1566.0
217,2035,3514.0,260.0,962.0
218,2035,363.0,6.0,208.0
219,2035,2342.0,64.0,2062.0
220,2035,3454.0,373.0,911.0
221,2035,2115.0,255.0,926.0
222,2035,2246.0,287.0,1396.0
223,2035,1878.0,95.0,799.0
224,2035,1143.0,176.0,193.0
225,2035,0.0,0.0,0.0
226,2035,734.0,77.0,205.0
227,2035,807.0,82.0,498.0
228,2035,967.0,73.0,529.0
229,2035,1219.0,34.0,864.0
230,2035,316.0,4.0,154.0
231,2035,567.0,11.0,272.0
232,2035,1074.0,114.0,542.0
233,2035,1336.0,292.0,819.0
234,2035,1289.0,124.0,619.0
235,2035,1382.0,219.0,351.0
236,2035,829.0,107.0,401.0
237,2035,1292.0,226.0,882.0
238,2035,829.0,27.0,198.0
239,2035,221.0,3.0,89.0
240,2035,519.0,19.0,228.0
241,2035,1580.0,24.0,350.0
242,2035,1075.0,137.0,327.0
243,2035,1231.0,84.0,485.0
244,2035,144.0,2.0,43.0
245,2035,408.0,16.0,223.0
246,2035,1011.0,102.0,498.0
247,2035,368.0,61.0,224.0
248,2035,0.0,0.0,0.0
249,2035,1170.0,50.0,960.0
250,2035,2856.0,4.0,1317.0
251,2035,21.0,0.0,20.0
252,2035,5460.0,104.0,4825.0
253,2035,1297.0,97.0,1057.0
254,2035,2171.0,187.0,1729.0
255,2035,699.0,112.0,469.0
256,2035,6391.0,878.0,3079.0
257,2035,761.0,16.0,675.0
258,2035,1031.0,105.0,770.0
259,2035,398.0,58.0,210.0
260,2035,1801.0,207.0,792.0
261,2035,10050.0,1070.0,4296.0
262,2035,1918.0,156.0,1088.0
263,2035,510.0,128.0,298.0
264,2035,222.0,60.0,143.0
265,2035,6528.0,396.0,2721.0
266,2035,7597.0,2122.0,4291.0
267,2035,891.0,153.0,611.0
268,2035,428.0,4.0,384.0
269,2035,1833.0,58.0,1032.0
270,2035,5017.0,516.0,2899.0
271,2035,907.0,25.0,491.0
272,2035,841.0,71.0,551.0
273,2035,5243.0,1549.0,3145.0
274,2035,16282.0,1068.0,2895.0
275,2035,315.0,16.0,191.0
276,2035,681.0,1.0,435.0
277,2035,244.0,1.0,203.0
278,2035,111.0,1.0,106.0
279,2035,3391.0,458.0,1373.0
280,2035,476.0,6.0,427.0
281,2035,1257.0,14.0,1145.0
282,2035,297.0,8.0,253.0
283,2035,195.0,8.0,154.0
284,2035,1228.0,107.0,994.0
285,2035,301.0,4.0,260.0
286,2035,423.0,62.0,329.0
287,2035,6356.0,241.0,4615.0
288,2035,1683.0,702.0,728.0
289,2035,6268.0,434.0,4001.0
290,2035,423.0,33.0,335.0
291,2035,3027.0,363.0,1525.0
292,2035,169.0,1.0,117.0
293,2035,660.0,116.0,434.0
294,2035,823.0,159.0,595.0
295,2035,7093.0,448.0,4527.0
296,2035,712.0,33.0,479.0
297,2035,379.0,69.0,237.0
298,2035,464.0,61.0,363.0
299,2035,824.0,175.0,587.0
300,2035,559.0,19.0,350.0
301,2035,294.0,15.0,238.0
302,2035,176.0,4.0,147.0
303,2035,179.0,8.0,158.0
304,2035,804.0,118.0,623.0
305,2035,1232.0,136.0,897.0
306,2035,27.0,1.0,16.0
307,2035,381.0,73.0,218.0
308,2035,518.0,96.0,403.0
309,2035,505.0,75.0,366.0
310,2035,1315.0,68.0,1021.0
311,2035,90.0,5.0,51.0
312,2035,440.0,46.0,338.0
313,2035,492.0,114.0,350.0
314,2035,523.0,23.0,324.0
315,2035,6437.0,148.0,1608.0
316,2035,8039.0,709.0,2866.0
317,2035,0.0,0.0,0.0
318,2035,4495.0,995.0,2649.0
319,2035,4012.0,467.0,2000.0
320,2035,61.0,0.0,35.0
321,2035,2831.0,78.0,404.0
322,2035,653.0,13.0,489.0
323,2035,97.0,0.0,39.0
324,2035,7805.0,598.0,3443.0
325,2035,1466.0,296.0,759.0
326,2035,3035.0,199.0,1857.0
327,2035,216.0,12.0,148.0
328,2035,1386.0,340.0,892.0
329,2035,260.0,47.0,187.0
330,2035,3997.0,45.0,1399.0
331,2035,1530.0,216.0,1037.0
332,2035,1180.0,355.0,760.0
333,2035,3613.0,348.0,1652.0
334,2035,366.0,135.0,93.0
335,2035,534.0,219.0,236.0
336,2035,8155.0,7.0,2055.0
337,2035,2681.0,32.0,1223.0
338,2035,1074.0,141.0,748.0
339,2035,12678.0,598.0,3124.0
340,2035,4094.0,99.0,1790.0
341,2035,4366.0,21.0,223.0
342,2035,172.0,1.0,64.0
343,2035,3918.0,97.0,1756.0
344,2035,445.0,15.0,162.0
345,2035,1734.0,461.0,731.0
346,2035,749.0,5.0,294.0
347,2035,1074.0,16.0,365.0
348,2035,825.0,32.0,501.0
349,2035,918.0,89.0,672.0
350,2035,2058.0,177.0,1280.0
351,2035,497.0,12.0,401.0
352,2035,412.0,7.0,225.0
353,2035,193.0,0.0,69.0
354,2035,729.0,55.0,296.0
355,2035,414.0,10.0,135.0
356,2035,1182.0,107.0,737.0
357,2035,668.0,27.0,241.0
358,2035,719.0,79.0,346.0
359,2035,896.0,91.0,633.0
360,2035,563.0,32.0,254.0
361,2035,2782.0,286.0,1660.0
362,2035,2019.0,45.0,798.0
363,2035,1350.0,113.0,826.0
364,2035,1783.0,218.0,764.0
365,2035,1438.0,92.0,474.0
366,2035,781.0,30.0,624.0
367,2035,1893.0,126.0,1656.0
368,2035,817.0,50.0,681.0
369,2035,1251.0,250.0,721.0
370,2035,1697.0,368.0,1078.0
371,2035,1641.0,148.0,1229.0
372,2035,2234.0,154.0,856.0
373,2035,2744.0,153.0,1391.0
374,2035,1681.0,46.0,920.0
375,2035,1322.0,55.0,581.0
376,2035,875.0,103.0,627.0
377,2035,508.0,83.0,321.0
378,2035,991.0,175.0,497.0
379,2035,249.0,6.0,155.0
380,2035,118.0,3.0,58.0
381,2035,1197.0,62.0,806.0
382,2035,1346.0,112.0,915.0
383,2035,2688.0,185.0,1251.0
384,2035,461.0,24.0,366.0
385,2035,1191.0,7.0,1098.0
386,2035,1220.0,226.0,675.0
387,2035,1014.0,267.0,596.0
388,2035,2194.0,125.0,1605.0
389,2035,2494.0,281.0,1486.0
390,2035,2404.0,58.0,1709.0
391,2035,5848.0,167.0,2781.0
392,2035,558.0,33.0,363.0
393,2035,2391.0,464.0,1171.0
394,2035,1156.0,35.0,664.0
395,2035,789.0,151.0,413.0
396,2035,1773.0,280.0,577.0
397,2035,609.0,55.0,441.0
398,2035,2528.0,162.0,2054.0
399,2035,777.0,107.0,497.0
400,2035,980.0,99.0,572.0
401,2035,144.0,2.0,95.0
402,2035,538.0,60.0,401.0
403,2035,995.0,193.0,631.0
404,2035,1783.0,66.0,1117.0
405,2035,288.0,6.0,231.0
406,2035,3149.0,71.0,498.0
407,2035,1334.0,97.0,907.0
408,2035,460.0,47.0,353.0
409,2035,1228.0,390.0,676.0
410,2035,1472.0,202.0,957.0
411,2035,1140.0,65.0,283.0
412,2035,783.0,32.0,597.0
413,2035,1515.0,131.0,528.0
414,2035,791.0,58.0,657.0
415,2035,3175.0,814.0,1915.0
416,2035,413.0,15.0,230.0
417,2035,994.0,89.0,755.0
418,2035,972.0,175.0,546.0
419,2035,503.0,184.0,231.0
420,2035,1218.0,141.0,638.0
421,2035,3031.0,72.0,2698.0
422,2035,433.0,135.0,247.0
423,2035,197.0,0.0,128.0
424,2035,1100.0,73.0,890.0
425,2035,1641.0,138.0,637.0
426,2035,1712.0,190.0,780.0
427,2035,1167.0,45.0,852.0
428,2035,5644.0,163.0,2474.0
429,2035,1112.0,58.0,690.0
430,2035,1166.0,193.0,717.0
431,2035,862.0,53.0,448.0
432,2035,2949.0,528.0,2155.0
433,2035,937.0,255.0,636.0
434,2035,2585.0,168.0,1239.0
435,2035,2726.0,379.0,1514.0
436,2035,4628.0,289.0,3026.0
437,2035,4052.0,304.0,2447.0
438,2035,2766.0,413.0,1739.0
439,2035,1639.0,47.0,901.0
440,2035,7178.0,91.0,4810.0
441,2035,3985.0,6.0,3166.0
442,2035,1558.0,46.0,1224.0
443,2035,1003.0,30.0,596.0
444,2035,1223.0,198.0,730.0
445,2035,1492.0,216.0,591.0
446,2035,373.0,42.0,283.0
447,2035,593.0,8.0,468.0
448,2035,792.0,76.0,613.0
449,2035,327.0,6.0,259.0
450,2035,805.0,6.0,678.0
451,2035,1357.0,47.0,812.0
452,2035,2861.0,209.0,1796.0
453,2035,2524.0,74.0,1318.0
454,2035,4886.0,148.0,2432.0
455,2035,478.0,55.0,350.0
456,2035,671.0,24.0,539.0
457,2035,408.0,40.0,336.0
458,2035,178.0,3.0,156.0
459,2035,505.0,19.0,397.0
1,2040,2156.0,226.0,1478.0
2,2040,1335.0,47.0,550.0
3,2040,670.0,89.0,334.0
4,2040,2174.0,254.0,1580.0
5,2040,650.0,87.0,404.0
6,2040,306.0,23.0,227.0
7,2040,261.0,1.0,229.0
8,2040,657.0,53.0,451.0
9,2040,849.0,169.0,495.0
10,2040,1002.0,84.0,444.0
11,2040,266.0,12.0,175.0
12,2040,425.0,43.0,327.0
13,2040,506.0,30.0,440.0
14,2040,629.0,90.0,386.0
15,2040,1283.0,102.0,1042.0
16,2040,2584.0,201.0,1776.0
17,2040,5795.0,388.0,2275.0
18,2040,7217.0,435.0,3757.0
19,2040,3593.0,120.0,1778.0
20,2040,1422.0,39.0,1107.0
21,2040,1272.0,143.0,879.0
22,2040,490.0,47.0,363.0
23,2040,1211.0,396.0,676.0
24,2040,443.0,17.0,327.0
25,2040,0.0,0.0,0.0
26,2040,1629.0,86.0,1263.0
27,2040,1259.0,213.0,874.0
28,2040,1301.0,192.0,645.0
29,2040,771.0,62.0,616.0
30,2040,3246.0,7.0,3070.0
31,2040,417.0,64.0,228.0
32,2040,647.0,159.0,405.0
33,2040,5802.0,360.0,4094.0
34,2040,5006.0,590.0,2821.0
35,2040,3929.0,92.0,3169.0
36,2040,13954.0,294.0,6561.0
37,2040,1222.0,87.0,762.0
38,2040,5478.0,926.0,2595.0
39,2040,412.0,0.0,320.0
40,2040,1275.0,438.0,676.0
41,2040,802.0,60.0,568.0
42,2040,1037.0,106.0,709.0
43,2040,5950.0,236.0,5467.0
44,2040,619.0,46.0,510.0
45,2040,679.0,58.0,342.0
46,2040,0.0,0.0,0.0
47,2040,744.0,174.0,461.0
48,2040,1284.0,41.0,1059.0
49,2040,598.0,5.0,467.0
50,2040,450.0,14.0,384.0
51,2040,231.0,14.0,197.0
52,2040,2241.0,202.0,1515.0
53,2040,845.0,143.0,632.0
54,2040,467.0,33.0,356.0
55,2040,1036.0,32.0,810.0
56,2040,441.0,24.0,290.0
57,2040,1618.0,88.0,1305.0
58,2040,1110.0,77.0,574.0
59,2040,1900.0,179.0,1589.0
60,2040,32.0,0.0,14.0
61,2040,477.0,24.0,179.0
62,2040,1494.0,13.0,1151.0
63,2040,1603.0,237.0,977.0
64,2040,353.0,125.0,190.0
65,2040,731.0,81.0,518.0
66,2040,1316.0,104.0,544.0
67,2040,177.0,20.0,129.0
68,2040,152.0,0.0,91.0
69,2040,2158.0,165.0,1784.0
70,2040,2008.0,95.0,657.0
71,2040,1878.0,277.0,1059.0
72,2040,0.0,0.0,0.0
73,2040,10556.0,206.0,2820.0
74,2040,1703.0,68.0,702.0
75,2040,1650.0,193.0,895.0
76,2040,384.0,0.0,344.0
77,2040,3811.0,601.0,2865.0
78,2040,0.0,0.0,0.0
79,2040,5551.0,229.0,2287.0
80,2040,5656.0,534.0,3509.0
81,2040,11518.0,727.0,7453.0
82,2040,3557.0,79.0,2698.0
83,2040,0.0,0.0,0.0
84,2040,4626.0,140.0,2530.0
85,2040,18250.0,231.0,13038.0
86,2040,11450.0,2.0,9113.0
87,2040,4335.0,140.0,3370.0
88,2040,691.0,12.0,558.0
89,2040,741.0,190.0,515.0
90,2040,203.0,11.0,159.0
91,2040,379.0,65.0,272.0
92,2040,1177.0,12.0,1029.0
93,2040,569.0,124.0,342.0
94,2040,732.0,15.0,552.0
95,2040,1619.0,4.0,1527.0
96,2040,378.0,30.0,300.0
97,2040,1755.0,102.0,1326.0
98,2040,254.0,17.0,150.0
99,2040,998.0,148.0,753.0
100,2040,794.0,92.0,606.0
101,2040,1104.0,4.0,896.0
102,2040,29.0,0.0,19.0
103,2040,185.0,4.0,166.0
104,2040,901.0,30.0,758.0
105,2040,822.0,33.0,450.0
106,2040,523.0,17.0,229.0
107,2040,2193.0,648.0,1048.0
108,2040,12207.0,725.0,2597.0
109,2040,30054.0,2328.0,10466.0
110,2040,476.0,17.0,299.0
111,2040,463.0,80.0,309.0
112,2040,647.0,87.0,252.0
113,2040,515.0,25.0,348.0
114,2040,152.0,32.0,112.0
115,2040,968.0,137.0,719.0
116,2040,60.0,0.0,42.0
117,2040,139.0,3.0,88.0
118,2040,4710.0,754.0,3368.0
119,2040,4827.0,526.0,3687.0
120,2040,1327.0,132.0,750.0
121,2040,2858.0,621.0,1838.0
122,2040,991.0,70.0,244.0
123,2040,921.0,231.0,558.0
124,2040,299.0,11.0,257.0
125,2040,133.0,19.0,92.0
126,2040,0.0,0.0,0.0
127,2040,1038.0,30.0,202.0
128,2040,1078.0,58.0,671.0
129,2040,1110.0,49.0,574.0
130,2040,1094.0,128.0,599.0
131,2040,496.0,206.0,208.0
132,2040,626.0,45.0,466.0
133,2040,1373.0,308.0,958.0
134,2040,55.0,0.0,51.0
135,2040,440.0,21.0,344.0
136,2040,717.0,142.0,458.0
137,2040,808.0,131.0,627.0
138,2040,253.0,20.0,157.0
139,2040,790.0,39.0,632.0
140,2040,1546.0,30.0,570.0
141,2040,911.0,46.0,450.0
142,2040,2654.0,136.0,1287.0
143,2040,539.0,27.0,461.0
144,2040,585.0,69.0,457.0
145,2040,418.0,56.0,312.0
146,2040,1697.0,92.0,1078.0
147,2040,1599.0,261.0,1257.0
148,2040,457.0,106.0,271.0
149,2040,1588.0,64.0,1180.0
150,2040,216.0,2.0,178.0
151,2040,36.0,0.0,34.0
152,2040,448.0,9.0,339.0
153,2040,1239.0,13.0,627.0
154,2040,4335.0,699.0,2436.0
155,2040,788.0,5.0,321.0
156,2040,2866.0,254.0,1966.0
157,2040,11009.0,503.0,2778.0
158,2040,2655.0,237.0,1470.0
159,2040,1723.0,400.0,755.0
160,2040,916.0,265.0,343.0
161,2040,254.0,29.0,175.0
162,2040,1456.0,38.0,926.0
163,2040,1991.0,475.0,1320.0
164,2040,1408.0,1.0,1304.0
165,2040,1135.0,239.0,445.0
166,2040,1153.0,64.0,682.0
167,2040,1661.0,284.0,1346.0
168,2040,1280.0,626.0,544.0
169,2040,591.0,22.0,395.0
170,2040,39301.0,1685.0,23326.0
171,2040,9962.0,16.0,1652.0
172,2040,1357.0,120.0,746.0
173,2040,3727.0,295.0,2535.0
174,2040,4403.0,200.0,2628.0
175,2040,268.0,1.0,256.0
176,2040,1657.0,1.0,1066.0
177,2040,1569.0,66.0,746.0
178,2040,300.0,7.0,223.0
179,2040,573.0,27.0,422.0
180,2040,1495.0,213.0,1075.0
181,2040,989.0,48.0,644.0
182,2040,435.0,58.0,317.0
183,2040,382.0,17.0,296.0
184,2040,1052.0,126.0,684.0
185,2040,869.0,59.0,585.0
186,2040,3509.0,209.0,1655.0
187,2040,804.0,22.0,701.0
188,2040,466.0,6.0,373.0
189,2040,474.0,120.0,297.0
190,2040,1505.0,125.0,958.0
191,2040,1202.0,436.0,590.0
192,2040,234.0,8.0,170.0
193,2040,7058.0,397.0,3218.0
194,2040,2264.0,404.0,670.0
195,2040,1091.0,238.0,729.0
196,2040,2375.0,868.0,1196.0
197,2040,279.0,3.0,226.0
198,2040,1767.0,359.0,874.0
199,2040,205.0,58.0,81.0
200,2040,1486.0,99.0,1014.0
201,2040,534.0,57.0,415.0
202,2040,750.0,20.0,549.0
203,2040,2168.0,215.0,585.0
204,2040,7514.0,927.0,4817.0
205,2040,8157.0,403.0,2101.0
206,2040,4252.0,2230.0,1814.0
207,2040,1213.0,58.0,951.0
208,2040,580.0,16.0,432.0
209,2040,761.0,31.0,614.0
210,2040,1329.0,377.0,671.0
211,2040,1548.0,370.0,621.0
212,2040,809.0,11.0,645.0
213,2040,2743.0,143.0,2265.0
214,2040,1107.0,74.0,867.0
215,2040,442.0,2.0,339.0
216,2040,2821.0,452.0,1704.0
217,2040,3551.0,268.0,1025.0
218,2040,394.0,7.0,235.0
219,2040,2515.0,71.0,2226.0
220,2040,3623.0,385.0,1031.0
221,2040,2241.0,261.0,1012.0
222,2040,2357.0,291.0,1469.0
223,2040,1910.0,96.0,826.0
224,2040,1170.0,179.0,209.0
225,2040,0.0,0.0,0.0
226,2040,769.0,78.0,224.0
227,2040,831.0,83.0,519.0
228,2040,991.0,74.0,549.0
229,2040,1444.0,42.0,1037.0
230,2040,322.0,4.0,157.0
231,2040,575.0,11.0,278.0
232,2040,1440.0,176.0,771.0
233,2040,1675.0,344.0,1061.0
234,2040,1373.0,129.0,701.0
235,2040,1426.0,224.0,381.0
236,2040,842.0,108.0,413.0
237,2040,1357.0,230.0,928.0
238,2040,847.0,27.0,213.0
239,2040,224.0,3.0,91.0
240,2040,528.0,19.0,232.0
241,2040,1588.0,25.0,361.0
242,2040,1076.0,140.0,339.0
243,2040,1244.0,86.0,500.0
244,2040,145.0,2.0,45.0
245,2040,415.0,17.0,230.0
246,2040,1057.0,104.0,536.0
247,2040,383.0,62.0,235.0
248,2040,0.0,0.0,0.0
249,2040,1222.0,50.0,1006.0
250,2040,3041.0,6.0,1428.0
251,2040,22.0,0.0,21.0
252,2040,5722.0,105.0,5022.0
253,2040,1365.0,98.0,1104.0
254,2040,2288.0,188.0,1811.0
255,2040,743.0,115.0,502.0
256,2040,6579.0,888.0,3217.0
257,2040,781.0,17.0,693.0
258,2040,1110.0,109.0,828.0
259,2040,412.0,59.0,221.0
260,2040,1909.0,211.0,851.0
261,2040,10526.0,1094.0,4592.0
262,2040,1980.0,161.0,1145.0
263,2040,525.0,131.0,308.0
264,2040,228.0,61.0,147.0
265,2040,6734.0,407.0,2836.0
266,2040,8027.0,2166.0,4618.0
267,2040,916.0,153.0,630.0
268,2040,438.0,4.0,392.0
269,2040,1891.0,58.0,1082.0
270,2040,5129.0,520.0,2982.0
271,2040,946.0,25.0,512.0
272,2040,934.0,73.0,614.0
273,2040,5447.0,1579.0,3292.0
274,2040,16741.0,1077.0,3084.0
275,2040,330.0,16.0,195.0
276,2040,706.0,1.0,442.0
277,2040,249.0,1.0,207.0
278,2040,113.0,1.0,108.0
279,2040,3532.0,467.0,1424.0
280,2040,489.0,6.0,438.0
281,2040,1322.0,16.0,1204.0
282,2040,303.0,8.0,258.0
283,2040,199.0,8.0,157.0
284,2040,1262.0,108.0,1023.0
285,2040,314.0,6.0,272.0
286,2040,438.0,63.0,342.0
287,2040,6866.0,261.0,5012.0
288,2040,1721.0,709.0,749.0
289,2040,6403.0,437.0,4111.0
290,2040,471.0,35.0,383.0
291,2040,3148.0,371.0,1638.0
292,2040,174.0,1.0,122.0
293,2040,688.0,118.0,463.0
294,2040,844.0,160.0,612.0
295,2040,7274.0,453.0,4656.0
296,2040,743.0,33.0,497.0
297,2040,392.0,71.0,248.0
298,2040,477.0,61.0,375.0
299,2040,838.0,176.0,604.0
300,2040,574.0,19.0,359.0
301,2040,300.0,15.0,243.0
302,2040,179.0,4.0,149.0
303,2040,184.0,8.0,162.0
304,2040,833.0,118.0,647.0
305,2040,1262.0,136.0,919.0
306,2040,28.0,1.0,17.0
307,2040,389.0,74.0,223.0
308,2040,537.0,98.0,419.0
309,2040,529.0,78.0,383.0
310,2040,1665.0,115.0,1309.0
311,2040,91.0,5.0,53.0
312,2040,451.0,48.0,348.0
313,2040,506.0,117.0,363.0
314,2040,533.0,24.0,335.0
315,2040,6501.0,153.0,1665.0
316,2040,8233.0,727.0,2966.0
317,2040,0.0,0.0,0.0
318,2040,4650.0,1016.0,2758.0
319,2040,4240.0,485.0,2145.0
320,2040,64.0,0.0,36.0
321,2040,3062.0,79.0,410.0
322,2040,759.0,19.0,569.0
323,2040,100.0,0.0,40.0
324,2040,8552.0,661.0,3797.0
325,2040,1574.0,310.0,845.0
326,2040,3174.0,199.0,1964.0
327,2040,223.0,12.0,153.0
328,2040,1495.0,343.0,983.0
329,2040,267.0,47.0,193.0
330,2040,4039.0,44.0,1456.0
331,2040,1587.0,219.0,1087.0
332,2040,1218.0,358.0,792.0
333,2040,3742.0,349.0,1761.0
334,2040,366.0,137.0,97.0
335,2040,549.0,223.0,244.0
336,2040,10436.0,7.0,2889.0
337,2040,2754.0,31.0,1309.0
338,2040,1115.0,140.0,777.0
339,2040,13133.0,582.0,3249.0
340,2040,4223.0,78.0,1918.0
341,2040,4390.0,20.0,231.0
342,2040,180.0,1.0,66.0
343,2040,4053.0,99.0,1888.0
344,2040,469.0,16.0,185.0
345,2040,1876.0,487.0,847.0
346,2040,794.0,7.0,318.0
347,2040,1087.0,16.0,374.0
348,2040,839.0,32.0,515.0
349,2040,943.0,91.0,696.0
350,2040,2053.0,181.0,1301.0
351,2040,508.0,12.0,410.0
352,2040,437.0,11.0,247.0
353,2040,203.0,1.0,76.0
354,2040,760.0,56.0,320.0
355,2040,427.0,10.0,151.0
356,2040,1525.0,146.0,998.0
357,2040,905.0,33.0,353.0
358,2040,707.0,82.0,347.0
359,2040,1341.0,146.0,961.0
360,2040,598.0,50.0,309.0
361,2040,1962.0,198.0,1187.0
362,2040,1433.0,30.0,608.0
363,2040,1130.0,92.0,709.0
364,2040,1494.0,203.0,690.0
365,2040,1339.0,91.0,489.0
366,2040,612.0,25.0,476.0
367,2040,1409.0,99.0,1218.0
368,2040,719.0,44.0,605.0
369,2040,1056.0,197.0,619.0
370,2040,1574.0,279.0,1078.0
371,2040,1983.0,166.0,1435.0
372,2040,3492.0,232.0,1368.0
373,2040,4380.0,255.0,2275.0
374,2040,2368.0,72.0,1236.0
375,2040,1370.0,50.0,769.0
376,2040,1024.0,117.0,726.0
377,2040,510.0,71.0,340.0
378,2040,1081.0,250.0,567.0
379,2040,321.0,10.0,219.0
380,2040,79.0,2.0,38.0
381,2040,1366.0,69.0,980.0
382,2040,1348.0,147.0,929.0
383,2040,2239.0,188.0,1059.0
384,2040,591.0,38.0,471.0
385,2040,1923.0,7.0,1797.0
386,2040,957.0,172.0,529.0
387,2040,895.0,231.0,536.0
388,2040,3447.0,201.0,2484.0
389,2040,3424.0,391.0,1994.0
390,2040,2962.0,68.0,2234.0
391,2040,8753.0,218.0,4156.0
392,2040,797.0,51.0,509.0
393,2040,3539.0,629.0,1704.0
394,2040,906.0,24.0,548.0
395,2040,970.0,246.0,513.0
396,2040,1466.0,207.0,587.0
397,2040,760.0,71.0,535.0
398,2040,3691.0,185.0,3213.0
399,2040,732.0,87.0,507.0
400,2040,889.0,86.0,502.0
401,2040,96.0,1.0,63.0
402,2040,615.0,98.0,427.0
403,2040,1122.0,143.0,799.0
404,2040,1388.0,46.0,900.0
405,2040,345.0,9.0,284.0
406,2040,2177.0,52.0,398.0
407,2040,1659.0,131.0,1126.0
408,2040,593.0,79.0,450.0
409,2040,981.0,271.0,575.0
410,2040,1338.0,145.0,916.0
411,2040,914.0,51.0,290.0
412,2040,1105.0,51.0,861.0
413,2040,1393.0,113.0,551.0
414,2040,1182.0,96.0,985.0
415,2040,2128.0,542.0,1282.0
416,2040,440.0,18.0,216.0
417,2040,1185.0,63.0,905.0
418,2040,1203.0,196.0,706.0
419,2040,463.0,164.0,224.0
420,2040,1075.0,122.0,611.0
421,2040,2473.0,83.0,1988.0
422,2040,349.0,96.0,209.0
423,2040,144.0,0.0,93.0
424,2040,1521.0,107.0,1241.0
425,2040,1812.0,126.0,669.0
426,2040,1790.0,220.0,892.0
427,2040,777.0,30.0,569.0
428,2040,7299.0,176.0,2608.0
429,2040,1329.0,61.0,708.0
430,2040,1335.0,192.0,782.0
431,2040,709.0,35.0,420.0
432,2040,3299.0,552.0,2434.0
433,2040,624.0,170.0,424.0
434,2040,3654.0,189.0,1624.0
435,2040,3753.0,432.0,2210.0
436,2040,7139.0,438.0,4662.0
437,2040,3924.0,228.0,2554.0
438,2040,1844.0,275.0,1159.0
439,2040,2673.0,79.0,1467.0
440,2040,11259.0,140.0,7867.0
441,2040,6568.0,5.0,5227.0
442,2040,2512.0,76.0,1974.0
443,2040,911.0,24.0,595.0
444,2040,1076.0,195.0,671.0
445,2040,1063.0,148.0,448.0
446,2040,376.0,49.0,281.0
447,2040,820.0,10.0,680.0
448,2040,719.0,92.0,525.0
449,2040,469.0,9.0,361.0
450,2040,1098.0,5.0,978.0
451,2040,1032.0,42.0,643.0
452,2040,2505.0,174.0,1650.0
453,2040,1769.0,55.0,929.0
454,2040,3602.0,149.0,1882.0
455,2040,589.0,67.0,442.0
456,2040,816.0,17.0,660.0
457,2040,282.0,27.0,231.0
458,2040,182.0,3.0,161.0
459,2040,644.0,22.0,525.0
1,2045,2211.0,224.0,1519.0
2,2045,1378.0,48.0,579.0
3,2045,683.0,91.0,347.0
4,2045,2231.0,257.0,1618.0
5,2045,666.0,86.0,417.0
6,2045,322.0,23.0,240.0
7,2045,260.0,1.0,229.0
8,2045,689.0,53.0,474.0
9,2045,917.0,173.0,542.0
10,2045,1141.0,91.0,517.0
11,2045,273.0,12.0,180.0
12,2045,440.0,43.0,340.0
13,2045,521.0,30.0,454.0
14,2045,668.0,91.0,415.0
15,2045,1326.0,102.0,1078.0
16,2045,2670.0,202.0,1846.0
17,2045,6007.0,386.0,2391.0
18,2045,7653.0,458.0,4044.0
19,2045,3739.0,123.0,1867.0
20,2045,1466.0,39.0,1143.0
21,2045,1324.0,144.0,924.0
22,2045,514.0,47.0,380.0
23,2045,1259.0,399.0,707.0
24,2045,466.0,17.0,347.0
25,2045,0.0,0.0,0.0
26,2045,1704.0,86.0,1329.0
27,2045,1354.0,218.0,955.0
28,2045,1344.0,195.0,675.0
29,2045,849.0,67.0,681.0
30,2045,3388.0,7.0,3195.0
31,2045,433.0,64.0,237.0
32,2045,659.0,159.0,417.0
33,2045,5951.0,352.0,4243.0
34,2045,5283.0,611.0,3009.0
35,2045,4080.0,88.0,3285.0
36,2045,14564.0,319.0,6907.0
37,2045,1274.0,87.0,802.0
38,2045,5834.0,958.0,2769.0
39,2045,407.0,0.0,316.0
40,2045,1334.0,436.0,712.0
41,2045,852.0,61.0,608.0
42,2045,1060.0,104.0,724.0
43,2045,6016.0,231.0,5532.0
44,2045,642.0,46.0,529.0
45,2045,707.0,60.0,363.0
46,2045,0.0,0.0,0.0
47,2045,768.0,175.0,478.0
48,2045,1376.0,43.0,1133.0
49,2045,600.0,5.0,467.0
50,2045,459.0,13.0,391.0
51,2045,233.0,13.0,199.0
52,2045,2308.0,202.0,1564.0
53,2045,859.0,142.0,644.0
54,2045,489.0,34.0,372.0
55,2045,1070.0,33.0,836.0
56,2045,463.0,24.0,303.0
57,2045,1748.0,88.0,1391.0
58,2045,1151.0,77.0,598.0
59,2045,1962.0,173.0,1641.0
60,2045,35.0,0.0,16.0
61,2045,494.0,24.0,188.0
62,2045,1567.0,13.0,1203.0
63,2045,1667.0,238.0,1026.0
64,2045,381.0,126.0,209.0
65,2045,789.0,82.0,556.0
66,2045,1355.0,105.0,567.0
67,2045,180.0,20.0,133.0
68,2045,38.0,0.0,24.0
69,2045,2364.0,174.0,1944.0
70,2045,2155.0,100.0,731.0
71,2045,1946.0,280.0,1114.0
72,2045,0.0,0.0,0.0
73,2045,10606.0,202.0,2876.0
74,2045,1761.0,69.0,745.0
75,2045,1676.0,192.0,913.0
76,2045,403.0,0.0,362.0
77,2045,3998.0,601.0,2992.0
78,2045,0.0,0.0,0.0
79,2045,5790.0,231.0,2394.0
80,2045,5811.0,536.0,3602.0
81,2045,12161.0,735.0,7935.0
82,2045,3668.0,77.0,2770.0
83,2045,0.0,0.0,0.0
84,2045,4742.0,142.0,2598.0
85,2045,19423.0,240.0,13981.0
86,2045,11733.0,2.0,9348.0
87,2045,4421.0,135.0,3473.0
88,2045,729.0,12.0,593.0
89,2045,781.0,189.0,554.0
90,2045,205.0,11.0,162.0
91,2045,381.0,63.0,276.0
92,2045,1273.0,14.0,1104.0
93,2045,572.0,124.0,348.0
94,2045,753.0,15.0,567.0
95,2045,1683.0,4.0,1581.0
96,2045,382.0,30.0,304.0
97,2045,1791.0,104.0,1359.0
98,2045,260.0,17.0,154.0
99,2045,1034.0,150.0,784.0
100,2045,812.0,92.0,627.0
101,2045,1104.0,4.0,900.0
102,2045,30.0,0.0,20.0
103,2045,188.0,4.0,170.0
104,2045,920.0,29.0,779.0
105,2045,839.0,32.0,457.0
106,2045,5.0,0.0,2.0
107,2045,6.0,1.0,2.0
108,2045,12673.0,737.0,2850.0
109,2045,10.0,1.0,4.0
110,2045,543.0,20.0,347.0
111,2045,481.0,81.0,324.0
112,2045,693.0,91.0,284.0
113,2045,539.0,25.0,365.0
114,2045,155.0,32.0,114.0
115,2045,1034.0,145.0,771.0
116,2045,61.0,0.0,43.0
117,2045,140.0,3.0,89.0
118,2045,4954.0,786.0,3563.0
119,2045,5152.0,559.0,3936.0
120,2045,1354.0,136.0,765.0
121,2045,2989.0,634.0,1943.0
122,2045,1021.0,71.0,254.0
123,2045,964.0,238.0,588.0
124,2045,306.0,12.0,263.0
125,2045,135.0,19.0,93.0
126,2045,0.0,0.0,0.0
127,2045,1073.0,32.0,217.0
128,2045,1151.0,61.0,732.0
129,2045,1188.0,53.0,620.0
130,2045,1122.0,130.0,615.0
131,2045,512.0,206.0,216.0
132,2045,651.0,46.0,487.0
133,2045,1426.0,320.0,994.0
134,2045,56.0,0.0,52.0
135,2045,457.0,23.0,362.0
136,2045,746.0,147.0,475.0
137,2045,861.0,148.0,658.0
138,2045,286.0,22.0,178.0
139,2045,813.0,38.0,659.0
140,2045,1611.0,32.0,622.0
141,2045,918.0,46.0,468.0
142,2045,2739.0,139.0,1354.0
143,2045,579.0,29.0,493.0
144,2045,604.0,70.0,475.0
145,2045,438.0,58.0,329.0
146,2045,1916.0,96.0,1246.0
147,2045,1684.0,264.0,1327.0
148,2045,474.0,109.0,281.0
149,2045,1827.0,82.0,1390.0
150,2045,223.0,2.0,184.0
151,2045,37.0,0.0,35.0
152,2045,465.0,9.0,350.0
153,2045,1449.0,17.0,727.0
154,2045,4490.0,714.0,2540.0
155,2045,838.0,7.0,355.0
156,2045,2992.0,262.0,2070.0
157,2045,13.0,1.0,4.0
158,2045,2892.0,247.0,1655.0
159,2045,1828.0,412.0,827.0
160,2045,982.0,273.0,388.0
161,2045,266.0,29.0,187.0
162,2045,1619.0,45.0,1039.0
163,2045,2086.0,486.0,1392.0
164,2045,1477.0,1.0,1360.0
165,2045,1197.0,245.0,474.0
166,2045,1325.0,69.0,775.0
167,2045,1712.0,288.0,1393.0
168,2045,1318.0,639.0,564.0
169,2045,29.0,1.0,19.0
170,2045,40306.0,1699.0,23949.0
171,2045,10040.0,16.0,1690.0
172,2045,1443.0,125.0,793.0
173,2045,3898.0,309.0,2653.0
174,2045,4527.0,202.0,2702.0
175,2045,275.0,1.0,263.0
176,2045,1694.0,1.0,1091.0
177,2045,1601.0,66.0,769.0
178,2045,414.0,10.0,309.0
179,2045,585.0,27.0,433.0
180,2045,1738.0,246.0,1277.0
181,2045,1046.0,53.0,687.0
182,2045,452.0,60.0,331.0
183,2045,396.0,18.0,307.0
184,2045,1113.0,133.0,730.0
185,2045,908.0,62.0,616.0
186,2045,3632.0,216.0,1733.0
187,2045,874.0,28.0,758.0
188,2045,477.0,6.0,382.0
189,2045,485.0,122.0,304.0
190,2045,1631.0,131.0,1041.0
191,2045,1291.0,475.0,636.0
192,2045,253.0,9.0,186.0
193,2045,7338.0,404.0,3452.0
194,2045,2312.0,414.0,719.0
195,2045,1126.0,243.0,756.0
196,2045,2585.0,918.0,1328.0
197,2045,285.0,3.0,231.0
198,2045,1908.0,389.0,950.0
199,2045,210.0,60.0,83.0
200,2045,1579.0,101.0,1084.0
201,2045,549.0,58.0,427.0
202,2045,800.0,22.0,583.0
203,2045,2210.0,219.0,605.0
204,2045,7695.0,941.0,4973.0
205,2045,8501.0,417.0,2282.0
206,2045,4404.0,2288.0,1902.0
207,2045,1290.0,63.0,1008.0
208,2045,598.0,16.0,446.0
209,2045,797.0,33.0,643.0
210,2045,1397.0,381.0,724.0
211,2045,1632.0,382.0,687.0
212,2045,1019.0,16.0,840.0
213,2045,2868.0,148.0,2385.0
214,2045,1160.0,76.0,917.0
215,2045,472.0,3.0,367.0
216,2045,2995.0,465.0,1842.0
217,2045,3589.0,275.0,1087.0
218,2045,423.0,8.0,262.0
219,2045,2687.0,78.0,2391.0
220,2045,3791.0,396.0,1151.0
221,2045,2367.0,267.0,1098.0
222,2045,2469.0,294.0,1543.0
223,2045,1943.0,97.0,854.0
224,2045,1197.0,182.0,225.0
225,2045,0.0,0.0,0.0
226,2045,803.0,79.0,243.0
227,2045,856.0,84.0,539.0
228,2045,1014.0,75.0,569.0
229,2045,1669.0,50.0,1208.0
230,2045,327.0,4.0,162.0
231,2045,584.0,11.0,285.0
232,2045,1807.0,239.0,1001.0
233,2045,2013.0,397.0,1303.0
234,2045,1458.0,134.0,782.0
235,2045,1471.0,229.0,410.0
236,2045,856.0,110.0,425.0
237,2045,1422.0,234.0,974.0
238,2045,864.0,28.0,228.0
239,2045,227.0,3.0,92.0
240,2045,536.0,20.0,238.0
241,2045,1596.0,25.0,371.0
242,2045,1078.0,143.0,350.0
243,2045,1257.0,87.0,514.0
244,2045,146.0,2.0,45.0
245,2045,423.0,17.0,237.0
246,2045,1103.0,105.0,574.0
247,2045,397.0,63.0,247.0
248,2045,0.0,0.0,0.0
249,2045,1273.0,51.0,1053.0
250,2045,3226.0,8.0,1539.0
251,2045,22.0,0.0,22.0
252,2045,5984.0,107.0,5219.0
253,2045,1433.0,99.0,1151.0
254,2045,2407.0,189.0,1893.0
255,2045,787.0,118.0,534.0
256,2045,6767.0,899.0,3355.0
257,2045,800.0,17.0,711.0
258,2045,1189.0,113.0,885.0
259,2045,427.0,60.0,232.0
260,2045,2017.0,216.0,910.0
261,2045,11004.0,1118.0,4888.0
262,2045,2042.0,167.0,1201.0
263,2045,539.0,135.0,316.0
264,2045,235.0,62.0,152.0
265,2045,6941.0,419.0,2952.0
266,2045,8457.0,2210.0,4945.0
267,2045,942.0,153.0,649.0
268,2045,447.0,4.0,401.0
269,2045,1950.0,59.0,1132.0
270,2045,5240.0,523.0,3066.0
271,2045,983.0,25.0,533.0
272,2045,1028.0,75.0,678.0
273,2045,5649.0,1607.0,3437.0
274,2045,17199.0,1086.0,3274.0
275,2045,344.0,16.0,200.0
276,2045,730.0,1.0,449.0
277,2045,254.0,1.0,211.0
278,2045,115.0,1.0,110.0
279,2045,3674.0,477.0,1476.0
280,2045,502.0,6.0,450.0
281,2045,1386.0,18.0,1263.0
282,2045,309.0,8.0,264.0
283,2045,203.0,8.0,161.0
284,2045,1296.0,108.0,1052.0
285,2045,328.0,6.0,283.0
286,2045,453.0,63.0,356.0
287,2045,7377.0,280.0,5410.0
288,2045,1758.0,717.0,769.0
289,2045,6539.0,440.0,4220.0
290,2045,518.0,37.0,429.0
291,2045,3268.0,379.0,1751.0
292,2045,178.0,1.0,126.0
293,2045,716.0,120.0,490.0
294,2045,866.0,161.0,629.0
295,2045,7455.0,457.0,4784.0
296,2045,773.0,34.0,514.0
297,2045,407.0,71.0,259.0
298,2045,490.0,61.0,387.0
299,2045,853.0,177.0,620.0
300,2045,588.0,19.0,367.0
301,2045,306.0,15.0,247.0
302,2045,182.0,4.0,151.0
303,2045,189.0,8.0,167.0
304,2045,862.0,118.0,672.0
305,2045,1292.0,135.0,942.0
306,2045,29.0,1.0,18.0
307,2045,397.0,74.0,228.0
308,2045,556.0,100.0,435.0
309,2045,552.0,81.0,400.0
310,2045,2014.0,162.0,1598.0
311,2045,92.0,5.0,55.0
312,2045,462.0,50.0,358.0
313,2045,520.0,119.0,374.0
314,2045,543.0,24.0,346.0
315,2045,6563.0,158.0,1721.0
316,2045,8427.0,746.0,3067.0
317,2045,0.0,0.0,0.0
318,2045,4804.0,1037.0,2866.0
319,2045,4468.0,505.0,2289.0
320,2045,66.0,0.0,37.0
321,2045,3293.0,81.0,416.0
322,2045,865.0,25.0,649.0
323,2045,102.0,0.0,41.0
324,2045,9299.0,724.0,4150.0
325,2045,1683.0,323.0,931.0
326,2045,3313.0,199.0,2071.0
327,2045,228.0,12.0,157.0
328,2045,1604.0,347.0,1074.0
329,2045,273.0,48.0,198.0
330,2045,4082.0,43.0,1513.0
331,2045,1644.0,222.0,1136.0
332,2045,1256.0,361.0,825.0
333,2045,3869.0,350.0,1869.0
334,2045,366.0,139.0,100.0
335,2045,563.0,226.0,253.0
336,2045,12717.0,7.0,3723.0
337,2045,2828.0,30.0,1395.0
338,2045,1156.0,138.0,807.0
339,2045,13588.0,565.0,3374.0
340,2045,4351.0,56.0,2046.0
341,2045,4414.0,20.0,239.0
342,2045,187.0,1.0,68.0
343,2045,4188.0,100.0,2019.0
344,2045,495.0,17.0,207.0
345,2045,2017.0,513.0,963.0
346,2045,840.0,10.0,342.0
347,2045,1100.0,16.0,383.0
348,2045,852.0,32.0,530.0
349,2045,968.0,91.0,720.0
350,2045,2049.0,185.0,1322.0
351,2045,518.0,12.0,419.0
352,2045,461.0,14.0,270.0
353,2045,212.0,1.0,83.0
354,2045,790.0,58.0,344.0
355,2045,440.0,11.0,167.0
356,2045,1004.0,89.0,545.0
357,2045,328.0,22.0,99.0
358,2045,884.0,85.0,438.0
359,2045,115.0,4.0,73.0
360,2045,378.0,4.0,133.0
361,2045,9761.0,787.0,6785.0
362,2045,4790.0,120.0,2039.0
363,2045,3761.0,249.0,2603.0
364,2045,3065.0,338.0,1267.0
365,2045,3111.0,288.0,1264.0
366,2045,1445.0,54.0,1161.0
367,2045,2870.0,184.0,2526.0
368,2045,1216.0,75.0,998.0
369,2045,3155.0,658.0,1880.0
370,2045,3316.0,848.0,1964.0
371,2045,1177.0,126.0,962.0
372,2045,671.0,60.0,184.0
373,2045,280.0,2.0,69.0
374,2045,737.0,19.0,508.0
375,2045,1686.0,123.0,557.0
376,2045,719.0,89.0,532.0
377,2045,733.0,137.0,433.0
378,2045,1852.0,121.0,840.0
379,2045,99.0,1.0,43.0
380,2045,228.0,6.0,113.0
381,2045,1617.0,91.0,970.0
382,2045,2353.0,90.0,1284.0
383,2045,5202.0,307.0,2364.0
384,2045,397.0,10.0,305.0
385,2045,60.0,4.0,32.0
386,2045,2143.0,324.0,1308.0
387,2045,1588.0,347.0,1014.0
388,2045,275.0,10.0,248.0
389,2045,1646.0,151.0,1141.0
390,2045,2838.0,73.0,1920.0
391,2045,1846.0,103.0,1025.0
392,2045,248.0,7.0,184.0
393,2045,728.0,218.0,427.0
394,2045,2993.0,91.0,1913.0
395,2045,771.0,11.0,456.0
396,2045,2676.0,412.0,942.0
397,2045,401.0,29.0,316.0
398,2045,918.0,128.0,450.0
399,2045,1087.0,166.0,653.0
400,2045,2432.0,247.0,1631.0
401,2045,194.0,5.0,136.0
402,2045,383.0,1.0,327.0
403,2045,790.0,254.0,391.0
404,2045,3146.0,155.0,2070.0
405,2045,200.0,3.0,149.0
406,2045,5796.0,89.0,2167.0
407,2045,694.0,35.0,485.0
408,2045,259.0,0.0,206.0
409,2045,1766.0,580.0,983.0
410,2045,1985.0,292.0,1283.0
411,2045,1424.0,83.0,304.0
412,2045,319.0,2.0,238.0
413,2045,1984.0,161.0,783.0
414,2045,177.0,0.0,141.0
415,2045,4763.0,1091.0,3028.0
416,2045,408.0,12.0,287.0
417,2045,779.0,126.0,596.0
418,2045,726.0,156.0,376.0
419,2045,378.0,115.0,191.0
420,2045,1566.0,147.0,877.0
421,2045,4274.0,53.0,4161.0
422,2045,638.0,184.0,381.0
423,2045,239.0,0.0,151.0
424,2045,422.0,17.0,326.0
425,2045,1272.0,122.0,600.0
426,2045,1656.0,138.0,720.0
427,2045,1825.0,58.0,1373.0
428,2045,4032.0,118.0,3132.0
429,2045,741.0,48.0,622.0
430,2045,1052.0,206.0,722.0
431,2045,2193.0,190.0,1238.0
432,2045,2213.0,403.0,1606.0
433,2045,1138.0,299.0,780.0
434,2045,1323.0,190.0,870.0
435,2045,2280.0,405.0,1110.0
436,2045,1330.0,105.0,916.0
437,2045,5821.0,624.0,3262.0
438,2045,3456.0,498.0,2164.0
439,2045,100.0,0.0,66.0
440,2045,1202.0,16.0,332.0
441,2045,72.0,5.0,48.0
442,2045,100.0,2.0,79.0
443,2045,1778.0,80.0,1074.0
444,2045,1606.0,223.0,936.0
445,2045,2906.0,412.0,1172.0
446,2045,430.0,27.0,342.0
447,2045,231.0,4.0,147.0
448,2045,971.0,47.0,812.0
449,2045,182.0,2.0,159.0
450,2045,507.0,4.0,364.0
451,2045,2307.0,51.0,1495.0
452,2045,5395.0,259.0,3631.0
453,2045,3719.0,89.0,2125.0
454,2045,7492.0,139.0,3984.0
455,2045,353.0,24.0,264.0
456,2045,414.0,29.0,330.0
457,2045,581.0,48.0,485.0
458,2045,143.0,1.0,123.0
459,2045,361.0,14.0,248.0
1,2050,2335.0,231.0,1616.0
2,2050,1453.0,49.0,627.0
3,2050,720.0,94.0,373.0
4,2050,2354.0,262.0,1710.0
5,2050,706.0,86.0,448.0
6,2050,347.0,24.0,260.0
7,2050,283.0,1.0,249.0
8,2050,732.0,54.0,506.0
9,2050,968.0,170.0,586.0
10,2050,1205.0,91.0,560.0
11,2050,290.0,13.0,192.0
12,2050,464.0,45.0,360.0
13,2050,551.0,30.0,477.0
14,2050,705.0,89.0,448.0
15,2050,1401.0,103.0,1140.0
16,2050,2819.0,208.0,1954.0
17,2050,6331.0,392.0,2575.0
18,2050,8082.0,472.0,4328.0
19,2050,3949.0,128.0,2000.0
20,2050,1549.0,41.0,1210.0
21,2050,1395.0,146.0,983.0
22,2050,542.0,47.0,400.0
23,2050,1329.0,405.0,751.0
24,2050,492.0,18.0,366.0
25,2050,0.0,0.0,0.0
26,2050,1802.0,89.0,1412.0
27,2050,1441.0,220.0,1032.0
28,2050,1419.0,200.0,728.0
29,2050,901.0,69.0,726.0
30,2050,3578.0,7.0,3370.0
31,2050,457.0,64.0,255.0
32,2050,694.0,162.0,442.0
33,2050,6286.0,356.0,4542.0
34,2050,5580.0,631.0,3217.0
35,2050,4310.0,91.0,3450.0
36,2050,15382.0,327.0,7340.0
37,2050,1347.0,88.0,860.0
38,2050,6162.0,998.0,2954.0
39,2050,430.0,0.0,334.0
40,2050,1408.0,427.0,765.0
41,2050,900.0,61.0,650.0
42,2050,1119.0,106.0,766.0
43,2050,6354.0,236.0,5848.0
44,2050,677.0,46.0,560.0
45,2050,746.0,63.0,391.0
46,2050,0.0,0.0,0.0
47,2050,811.0,179.0,510.0
48,2050,1453.0,45.0,1193.0
49,2050,633.0,5.0,490.0
50,2050,486.0,13.0,409.0
51,2050,255.0,14.0,219.0
52,2050,2439.0,205.0,1658.0
53,2050,907.0,146.0,681.0
54,2050,516.0,34.0,393.0
55,2050,1128.0,33.0,885.0
56,2050,487.0,23.0,317.0
57,2050,1845.0,87.0,1448.0
58,2050,1216.0,78.0,636.0
59,2050,2073.0,172.0,1729.0
60,2050,40.0,0.0,19.0
61,2050,518.0,25.0,199.0
62,2050,1652.0,14.0,1259.0
63,2050,1760.0,238.0,1096.0
64,2050,402.0,122.0,229.0
65,2050,839.0,81.0,591.0
66,2050,1430.0,107.0,599.0
67,2050,190.0,21.0,141.0
68,2050,433.0,0.0,261.0
69,2050,2497.0,175.0,2047.0
70,2050,2275.0,104.0,781.0
71,2050,2055.0,285.0,1192.0
72,2050,0.0,0.0,0.0
73,2050,11202.0,216.0,3197.0
74,2050,1859.0,74.0,819.0
75,2050,1768.0,198.0,968.0
76,2050,425.0,0.0,383.0
77,2050,4222.0,603.0,3169.0
78,2050,0.0,0.0,0.0
79,2050,6114.0,235.0,2572.0
80,2050,6136.0,550.0,3826.0
81,2050,12841.0,753.0,8494.0
82,2050,3874.0,77.0,2918.0
83,2050,0.0,0.0,0.0
84,2050,5015.0,142.0,2749.0
85,2050,20524.0,261.0,14800.0
86,2050,12393.0,2.0,9899.0
87,2050,4667.0,131.0,3713.0
88,2050,769.0,11.0,632.0
89,2050,823.0,183.0,600.0
90,2050,216.0,12.0,171.0
91,2050,401.0,66.0,291.0
92,2050,1341.0,17.0,1164.0
93,2050,586.0,132.0,352.0
94,2050,792.0,15.0,599.0
95,2050,1775.0,6.0,1665.0
96,2050,397.0,32.0,317.0
97,2050,1889.0,108.0,1440.0
98,2050,272.0,17.0,160.0
99,2050,1091.0,156.0,830.0
100,2050,857.0,95.0,666.0
101,2050,1166.0,5.0,952.0
102,2050,30.0,0.0,20.0
103,2050,191.0,4.0,174.0
104,2050,965.0,27.0,824.0
105,2050,882.0,33.0,485.0
106,2050,602.0,20.0,282.0
107,2050,2625.0,681.0,1195.0
108,2050,13382.0,754.0,3084.0
109,2050,33076.0,2491.0,12185.0
110,2050,574.0,20.0,375.0
111,2050,507.0,82.0,345.0
112,2050,727.0,89.0,317.0
113,2050,570.0,25.0,388.0
114,2050,159.0,32.0,117.0
115,2050,1119.0,153.0,836.0
116,2050,63.0,0.0,44.0
117,2050,143.0,3.0,90.0
118,2050,5231.0,822.0,3775.0
119,2050,5449.0,588.0,4163.0
120,2050,1451.0,144.0,826.0
121,2050,3177.0,658.0,2090.0
122,2050,1077.0,74.0,269.0
123,2050,1017.0,246.0,626.0
124,2050,324.0,14.0,277.0
125,2050,142.0,19.0,98.0
126,2050,0.0,0.0,0.0
127,2050,1130.0,35.0,237.0
128,2050,1309.0,70.0,850.0
129,2050,1251.0,56.0,670.0
130,2050,1187.0,136.0,656.0
131,2050,547.0,219.0,232.0
132,2050,704.0,47.0,531.0
133,2050,1504.0,335.0,1052.0
134,2050,58.0,0.0,53.0
135,2050,485.0,25.0,387.0
136,2050,780.0,154.0,496.0
137,2050,912.0,157.0,697.0
138,2050,340.0,22.0,210.0
139,2050,857.0,38.0,707.0
140,2050,1739.0,37.0,712.0
141,2050,944.0,49.0,493.0
142,2050,2888.0,144.0,1461.0
143,2050,643.0,32.0,541.0
144,2050,636.0,71.0,504.0
145,2050,468.0,59.0,352.0
146,2050,2474.0,105.0,1691.0
147,2050,1817.0,273.0,1433.0
148,2050,497.0,113.0,298.0
149,2050,2585.0,123.0,2028.0
150,2050,228.0,2.0,188.0
151,2050,38.0,0.0,37.0
152,2050,478.0,9.0,360.0
153,2050,1706.0,23.0,921.0
154,2050,4623.0,725.0,2640.0
155,2050,916.0,8.0,417.0
156,2050,3134.0,273.0,2184.0
157,2050,13164.0,552.0,3779.0
158,2050,3156.0,257.0,1849.0
159,2050,1954.0,426.0,918.0
160,2050,1059.0,282.0,442.0
161,2050,280.0,30.0,198.0
162,2050,1738.0,50.0,1147.0
163,2050,2189.0,495.0,1472.0
164,2050,1523.0,2.0,1393.0
165,2050,1254.0,250.0,514.0
166,2050,1544.0,75.0,947.0
167,2050,1753.0,290.0,1430.0
168,2050,1350.0,647.0,586.0
169,2050,727.0,29.0,499.0
170,2050,42592.0,1755.0,25423.0
171,2050,10606.0,18.0,1823.0
172,2050,1566.0,131.0,866.0
173,2050,4312.0,357.0,2935.0
174,2050,4729.0,210.0,2815.0
175,2050,283.0,1.0,272.0
176,2050,1738.0,1.0,1120.0
177,2050,1665.0,68.0,808.0
178,2050,696.0,24.0,529.0
179,2050,596.0,28.0,444.0
180,2050,2093.0,314.0,1543.0
181,2050,1118.0,63.0,738.0
182,2050,465.0,62.0,342.0
183,2050,407.0,18.0,316.0
184,2050,1186.0,140.0,780.0
185,2050,960.0,66.0,652.0
186,2050,3806.0,226.0,1865.0
187,2050,994.0,40.0,852.0
188,2050,488.0,6.0,389.0
189,2050,497.0,125.0,312.0
190,2050,1736.0,134.0,1116.0
191,2050,1365.0,502.0,676.0
192,2050,268.0,9.0,198.0
193,2050,7823.0,423.0,3786.0
194,2050,2426.0,436.0,804.0
195,2050,1195.0,253.0,808.0
196,2050,2834.0,972.0,1492.0
197,2050,296.0,3.0,240.0
198,2050,2029.0,415.0,1021.0
199,2050,219.0,62.0,87.0
200,2050,1712.0,107.0,1177.0
201,2050,571.0,61.0,443.0
202,2050,898.0,27.0,647.0
203,2050,2297.0,228.0,629.0
204,2050,8035.0,976.0,5224.0
205,2050,9239.0,458.0,2639.0
206,2050,4657.0,2380.0,2049.0
207,2050,1375.0,70.0,1062.0
208,2050,626.0,16.0,469.0
209,2050,838.0,37.0,674.0
210,2050,1582.0,423.0,844.0
211,2050,1765.0,394.0,790.0
212,2050,1267.0,28.0,1060.0
213,2050,3007.0,152.0,2512.0
214,2050,1219.0,80.0,971.0
215,2050,525.0,6.0,413.0
216,2050,3242.0,480.0,2024.0
217,2050,3678.0,281.0,1166.0
218,2050,472.0,11.0,304.0
219,2050,3066.0,98.0,2709.0
220,2050,4059.0,418.0,1327.0
221,2050,2593.0,278.0,1241.0
222,2050,2638.0,303.0,1652.0
223,2050,2019.0,101.0,898.0
224,2050,1280.0,192.0,259.0
225,2050,0.0,0.0,0.0
226,2050,871.0,84.0,278.0
227,2050,901.0,87.0,571.0
228,2050,1058.0,79.0,597.0
229,2050,2019.0,68.0,1464.0
230,2050,337.0,4.0,167.0
231,2050,602.0,11.0,297.0
232,2050,2195.0,291.0,1256.0
233,2050,2655.0,481.0,1808.0
234,2050,1605.0,131.0,913.0
235,2050,1570.0,244.0,465.0
236,2050,873.0,113.0,440.0
237,2050,1526.0,243.0,1046.0
238,2050,903.0,29.0,257.0
239,2050,232.0,3.0,94.0
240,2050,552.0,20.0,246.0
241,2050,1626.0,26.0,386.0
242,2050,1100.0,148.0,367.0
243,2050,1291.0,91.0,537.0
244,2050,149.0,2.0,46.0
245,2050,437.0,17.0,247.0
246,2050,1172.0,107.0,635.0
247,2050,423.0,68.0,266.0
248,2050,0.0,0.0,0.0
249,2050,1370.0,53.0,1140.0
250,2050,3496.0,13.0,1681.0
251,2050,23.0,0.0,22.0
252,2050,6409.0,114.0,5556.0
253,2050,1558.0,101.0,1241.0
254,2050,2610.0,198.0,2040.0
255,2050,863.0,126.0,591.0
256,2050,7066.0,923.0,3560.0
257,2050,820.0,17.0,728.0
258,2050,1332.0,125.0,990.0
259,2050,451.0,61.0,251.0
260,2050,2188.0,226.0,1006.0
261,2050,11778.0,1170.0,5356.0
262,2050,2130.0,173.0,1269.0
263,2050,554.0,138.0,327.0
264,2050,242.0,63.0,158.0
265,2050,7225.0,433.0,3083.0
266,2050,9174.0,2292.0,5478.0
267,2050,980.0,154.0,678.0
268,2050,458.0,4.0,410.0
269,2050,2053.0,60.0,1210.0
270,2050,5403.0,529.0,3176.0
271,2050,1040.0,26.0,568.0
272,2050,1198.0,79.0,804.0
273,2050,5967.0,1660.0,3669.0
274,2050,17972.0,1112.0,3651.0
275,2050,362.0,17.0,206.0
276,2050,752.0,1.0,458.0
277,2050,259.0,1.0,215.0
278,2050,117.0,1.0,112.0
279,2050,3856.0,481.0,1539.0
280,2050,518.0,6.0,462.0
281,2050,1445.0,21.0,1314.0
282,2050,313.0,8.0,268.0
283,2050,208.0,8.0,165.0
284,2050,1324.0,107.0,1073.0
285,2050,355.0,7.0,304.0
286,2050,472.0,64.0,373.0
287,2050,7696.0,304.0,5671.0
288,2050,1805.0,727.0,797.0
289,2050,6731.0,443.0,4356.0
290,2050,594.0,42.0,496.0
291,2050,3442.0,391.0,1896.0
292,2050,183.0,1.0,130.0
293,2050,756.0,124.0,525.0
294,2050,895.0,162.0,652.0
295,2050,7661.0,463.0,4935.0
296,2050,495.0,2.0,335.0
297,2050,423.0,73.0,270.0
298,2050,507.0,63.0,399.0
299,2050,870.0,179.0,637.0
300,2050,663.0,19.0,423.0
301,2050,350.0,17.0,280.0
302,2050,185.0,4.0,154.0
303,2050,195.0,8.0,172.0
304,2050,914.0,120.0,715.0
305,2050,1327.0,135.0,970.0
306,2050,32.0,1.0,20.0
307,2050,408.0,76.0,234.0
308,2050,577.0,102.0,454.0
309,2050,585.0,85.0,424.0
310,2050,2377.0,221.0,1883.0
311,2050,94.0,5.0,56.0
312,2050,474.0,51.0,368.0
313,2050,533.0,122.0,386.0
314,2050,559.0,25.0,358.0
315,2050,6871.0,166.0,1803.0
316,2050,8780.0,766.0,3208.0
317,2050,0.0,0.0,0.0
318,2050,5077.0,1065.0,3037.0
319,2050,5075.0,544.0,2587.0
320,2050,68.0,0.0,37.0
321,2050,3628.0,79.0,412.0
322,2050,1115.0,46.0,817.0
323,2050,106.0,0.0,42.0
324,2050,10192.0,812.0,4225.0
325,2050,1879.0,343.0,1078.0
326,2050,3467.0,200.0,2196.0
327,2050,235.0,12.0,163.0
328,2050,1809.0,362.0,1240.0
329,2050,281.0,48.0,205.0
330,2050,4171.0,42.0,1577.0
331,2050,1720.0,229.0,1198.0
332,2050,1316.0,368.0,873.0
333,2050,4082.0,360.0,2035.0
334,2050,366.0,141.0,102.0
335,2050,582.0,232.0,262.0
336,2050,12735.0,7.0,3864.0
337,2050,2954.0,30.0,1496.0
338,2050,1216.0,138.0,844.0
339,2050,13624.0,552.0,3431.0
340,2050,4363.0,46.0,2084.0
341,2050,4487.0,21.0,245.0
342,2050,194.0,1.0,68.0
343,2050,4361.0,104.0,2185.0
344,2050,525.0,19.0,235.0
345,2050,2366.0,550.0,1182.0
346,2050,970.0,14.0,389.0
347,2050,1117.0,16.0,395.0
348,2050,878.0,32.0,546.0
349,2050,1003.0,90.0,744.0
350,2050,2119.0,177.0,1337.0
351,2050,529.0,12.0,427.0
352,2050,534.0,21.0,325.0
353,2050,222.0,1.0,91.0
354,2050,828.0,60.0,374.0
355,2050,460.0,11.0,188.0
356,2050,1172.0,114.0,649.0
357,2050,333.0,25.0,113.0
358,2050,943.0,90.0,477.0
359,2050,96.0,3.0,61.0
360,2050,345.0,4.0,123.0
361,2050,14423.0,1021.0,10998.0
362,2050,5831.0,153.0,2639.0
363,2050,5313.0,311.0,3988.0
364,2050,3457.0,383.0,1457.0
365,2050,4107.0,491.0,2021.0
366,2050,1636.0,61.0,1304.0
367,2050,2962.0,190.0,2603.0
368,2050,1322.0,81.0,1083.0
369,2050,4253.0,878.0,2600.0
370,2050,4158.0,1044.0,2502.0
371,2050,1194.0,129.0,976.0
372,2050,880.0,71.0,250.0
373,2050,277.0,2.0,70.0
374,2050,769.0,29.0,531.0
375,2050,1883.0,161.0,716.0
376,2050,743.0,92.0,551.0
377,2050,844.0,153.0,503.0
378,2050,2567.0,157.0,1159.0
379,2050,89.0,1.0,39.0
380,2050,249.0,7.0,125.0
381,2050,2003.0,115.0,1221.0
382,2050,2944.0,106.0,1470.0
383,2050,6154.0,378.0,2787.0
384,2050,462.0,17.0,352.0
385,2050,53.0,4.0,29.0
386,2050,2378.0,330.0,1509.0
387,2050,1765.0,356.0,1177.0
388,2050,264.0,9.0,237.0
389,2050,1919.0,166.0,1361.0
390,2050,3608.0,90.0,2613.0
391,2050,1993.0,108.0,1172.0
392,2050,268.0,8.0,202.0
393,2050,749.0,218.0,448.0
394,2050,3946.0,111.0,2730.0
395,2050,898.0,11.0,568.0
396,2050,2853.0,419.0,1155.0
397,2050,406.0,29.0,322.0
398,2050,969.0,128.0,513.0
399,2050,1191.0,177.0,732.0
400,2050,3387.0,336.0,2398.0
401,2050,187.0,6.0,135.0
402,2050,371.0,1.0,316.0
403,2050,786.0,250.0,394.0
404,2050,3488.0,187.0,2371.0
405,2050,199.0,4.0,149.0
406,2050,6295.0,86.0,3864.0
407,2050,652.0,32.0,459.0
408,2050,259.0,0.0,206.0
409,2050,1828.0,585.0,1044.0
410,2050,2109.0,294.0,1396.0
411,2050,1407.0,82.0,316.0
412,2050,326.0,2.0,253.0
413,2050,2096.0,162.0,937.0
414,2050,169.0,0.0,135.0
415,2050,4768.0,1052.0,3085.0
416,2050,421.0,12.0,301.0
417,2050,805.0,125.0,620.0
418,2050,765.0,161.0,405.0
419,2050,336.0,97.0,178.0
420,2050,1615.0,140.0,962.0
421,2050,4423.0,51.0,4307.0
422,2050,668.0,181.0,413.0
423,2050,229.0,0.0,143.0
424,2050,408.0,16.0,315.0
425,2050,1238.0,113.0,603.0
426,2050,1677.0,135.0,763.0
427,2050,1851.0,55.0,1406.0
428,2050,4401.0,112.0,3526.0
429,2050,726.0,46.0,609.0
430,2050,1107.0,211.0,763.0
431,2050,2930.0,278.0,1865.0
432,2050,2149.0,379.0,1566.0
433,2050,1066.0,277.0,732.0
434,2050,1476.0,215.0,962.0
435,2050,2985.0,451.0,1613.0
436,2050,1571.0,126.0,1100.0
437,2050,6542.0,727.0,3726.0
438,2050,3263.0,465.0,2040.0
439,2050,104.0,0.0,73.0
440,2050,1259.0,16.0,386.0
441,2050,64.0,4.0,43.0
442,2050,94.0,2.0,73.0
443,2050,2109.0,108.0,1361.0
444,2050,1665.0,231.0,981.0
445,2050,3255.0,452.0,1350.0
446,2050,454.0,25.0,365.0
447,2050,224.0,3.0,146.0
448,2050,996.0,46.0,835.0
449,2050,218.0,2.0,187.0
450,2050,571.0,3.0,438.0
451,2050,2500.0,50.0,1696.0
452,2050,6453.0,258.0,4602.0
453,2050,3741.0,86.0,2209.0
454,2050,7741.0,136.0,4280.0
455,2050,370.0,22.0,286.0
456,2050,402.0,27.0,321.0
457,2050,576.0,45.0,482.0
458,2050,135.0,1.0,115.0
459,2050,386.0,14.0,265.0
